model,fold,train_encounters,validation_encounters,train_patients,validation_patients,patient_overlap,validation_prevalence_30d,roc_auc,pr_auc,brier_score,sensitivity,specificity,precision,f1,balanced_accuracy
dummy_prior,1,63577,15896,44722,11230,0,0.11386512330145948,0.5,0.11386512330145948,0.10089985779595932,0.0,1.0,0.0,0.0,0.5
dummy_prior,2,63579,15894,44770,11182,0,0.11387945136529508,0.5,0.11387945136529508,0.10091092202926084,0.0,1.0,0.0,0.0,0.5
dummy_prior,3,63578,15895,44777,11175,0,0.11393519974834854,0.5,0.11393519974834854,0.10095397352678884,0.0,1.0,0.0,0.0,0.5
dummy_prior,4,63579,15894,44791,11161,0,0.11387945136529508,0.5,0.11387945136529508,0.10091092202926084,0.0,1.0,0.0,0.0,0.5
dummy_prior,5,63579,15894,44748,11204,0,0.11387945136529508,0.5,0.11387945136529508,0.10091092202926084,0.0,1.0,0.0,0.0,0.5
logistic_regression,1,63577,15896,44722,11230,0,0.11386512330145948,0.6238557072066383,0.205683731551262,0.09754137641248525,0.019889502762430938,0.9985091580292489,0.631578947368421,0.0385645420460632,0.5091993303958399
logistic_regression,2,63579,15894,44770,11182,0,0.11387945136529508,0.6420130754541418,0.20223938562582885,0.09761410949680155,0.012154696132596685,0.9988639591025277,0.5789473684210527,0.023809523809523808,0.5055093276175622
logistic_regression,3,63578,15895,44777,11175,0,0.11393519974834854,0.6449320563171417,0.192958499502668,0.0982185741185746,0.009387078961899503,0.9982249360976995,0.40476190476190477,0.01834862385321101,0.5038060075297995
logistic_regression,4,63579,15894,44791,11161,0,0.11387945136529508,0.6423800527537223,0.20105992993456587,0.09789200659412352,0.01878453038674033,0.9966628798636751,0.41975308641975306,0.035959809624537285,0.5077237051252077
logistic_regression,5,63579,15894,44748,11204,0,0.11387945136529508,0.6502990737500803,0.2127650564967237,0.09717981295650721,0.026519337016574586,0.9968758875319511,0.5217391304347826,0.050473186119873815,0.5116976122742628
