bin,mean_predicted_probability,observed_event_rate,calibration_difference
1,0.05363145830124785,0.05070457976849522,-0.0029268785327526345
2,0.06894842897003187,0.06480432867748837,-0.004144100292543501
3,0.07835517276430068,0.07499685415880207,-0.0033583186054986086
4,0.08673069620166238,0.08758021895054738,0.000849522748885001
5,0.09488494707129584,0.09776044287871162,0.002875495807415779
6,0.10397148137454904,0.10884610544859695,0.004874624074047915
7,0.11480170296475327,0.11765446080281868,0.002852757838065406
8,0.12931400684297162,0.13388700138417012,0.0045729945411985
9,0.15334156346972524,0.15943123191141312,0.006089668441687873
10,0.25325345184280335,0.24320583794665324,-0.01004761389615011
