threshold,tp,fp,tn,fn,sensitivity,specificity,precision,f1,balanced_accuracy,predicted_positive_rate
0.05,8957,68400,2022,94,0.9896144072478179,0.02871261821589844,0.11578784079010303,0.20731876678085362,0.5091635127318582,0.9733746052118329
0.07500000000000001,8058,54580,15842,993,0.890288365926417,0.22495810968163357,0.1286439541492385,0.2248043632914394,0.5576232378040253,0.7881670504448052
0.10000000000000002,5981,33007,37415,3070,0.6608109601149045,0.5312970378574877,0.15340617625936184,0.24900601594537772,0.5960539989861962,0.49058170699482845
0.12500000000000003,4004,17797,52625,5047,0.4423820572312452,0.7472806793331629,0.1836612999403697,0.2595617788149877,0.5948313682822041,0.27431958023479674
0.15000000000000002,2667,9788,60634,6384,0.29466357308584684,0.8610093436710119,0.21413087113608992,0.24802380730958803,0.5778364583784293,0.15671989229046343
0.17500000000000004,1886,5837,64585,7165,0.20837476521931278,0.9171139700661725,0.24420561957788425,0.22487182544413975,0.5627443676427426,0.09717765782089514
0.20000000000000007,1369,3704,66718,7682,0.15125400508231135,0.947402800261282,0.26986004336684405,0.19385443217218917,0.5493284026717966,0.06383299988675399
0.22500000000000003,1062,2467,67955,7989,0.11733510109380178,0.9649683337593365,0.3009351090960612,0.16883942766295706,0.5411517174265692,0.044405018056446845
0.25000000000000006,875,1736,68686,8176,0.09667440061871617,0.9753486126494562,0.3351206434316354,0.15006002400960383,0.5360115066340861,0.03285392523246889
0.2750000000000001,695,1252,69170,8356,0.07678709534858026,0.9822214648831331,0.3569594247560349,0.1263866157483179,0.5295042801158567,0.024498886414253896
0.3000000000000001,547,913,69509,8504,0.06043531101535742,0.9870353014682911,0.37465753424657533,0.10408143849300733,0.5237353062418243,0.018371019088243807
0.32500000000000007,452,698,69724,8599,0.049939233233896804,0.9900883246712675,0.39304347826086955,0.08861876286638565,0.5200137789525822,0.014470323254438614
0.3500000000000001,378,547,69875,8673,0.04176334106728538,0.9922325409673114,0.40864864864864864,0.07578187650360867,0.5169979410172983,0.011639173052483234
0.3750000000000001,313,444,69978,8738,0.034581814164180755,0.9936951520831558,0.4134742404227213,0.06382544861337683,0.5141384831236683,0.009525247568356548
0.4000000000000001,273,345,70077,8778,0.030162412993039442,0.9951009627673171,0.441747572815534,0.05646912814148309,0.5126316878801782,0.007776225888037447
0.4250000000000001,236,276,70146,8815,0.02607446690973373,0.9960807702138537,0.4609375,0.049356896371431556,0.5110776185617937,0.0064424395706718
0.4500000000000001,210,221,70201,8841,0.02320185614849188,0.9968617761494988,0.4872389791183295,0.04429445264712086,0.5100318161489953,0.005423225497967863
0.47500000000000014,180,186,70236,8871,0.019887305270135897,0.9973587799267274,0.4918032786885246,0.038228735266008285,0.5086230425984316,0.00460533766184742
0.5000000000000002,157,153,70269,8894,0.017346149596729643,0.9978273834881145,0.5064516129032258,0.033543424847772674,0.5075867665424221,0.0039006958338051916
