method,outer_fold,encounters,patients,prevalence_30d,brier_score,log_loss,pr_auc,roc_auc,calibration_intercept,calibration_slope,ece_10_equal_width
uncalibrated,1,15896,11230,0.11386512330145948,0.09829557797973808,0.3432244721423397,0.20526948037688508,0.630663885539735,1.1578390432425507,1.5715365758963373,0.01068234338771512
uncalibrated,2,15894,11182,0.11387945136529508,0.09814816505874228,0.3419692094138831,0.20174240639732777,0.6485780659374455,1.4927494248347029,1.7404480203691945,0.016494887589600313
uncalibrated,3,15895,11175,0.11393519974834854,0.09831081953945289,0.3427700075692822,0.19587036942512814,0.6435505449593204,1.1629606293163703,1.5810936758370342,0.014650954655210883
uncalibrated,4,15894,11161,0.11387945136529508,0.09780057796050377,0.3408874272754592,0.20917240702030718,0.6504781884855037,1.3363535594667748,1.6701914698860283,0.013993610222533833
uncalibrated,5,15894,11204,0.11387945136529508,0.09740329975382656,0.33935172564268473,0.22303015509649515,0.6632637874410993,1.5422048591929225,1.7857801592851203,0.01750951617936453
sigmoid,1,15896,11230,0.11386512330145948,0.0976909634625017,0.3415756926987902,0.20526948037688508,0.630663885539735,-0.1254734043158503,0.9277103885235591,0.005956229045271454
sigmoid,2,15894,11182,0.11387945136529508,0.09745837019484398,0.3392281817562016,0.20174240639732777,0.6485780659374455,0.11762731430110315,1.0511406815190611,0.003485439455624234
sigmoid,3,15895,11175,0.11393519974834854,0.09791850281361517,0.3409597882515978,0.19587036942512814,0.6435505449593204,-0.12959024022603075,0.9346178214017513,0.006129171705379835
sigmoid,4,15894,11161,0.11387945136529508,0.09712290504891505,0.33823391283658233,0.20917240702030718,0.6504781884855037,-0.004480261063073495,0.9999392576407073,0.000896421607469691
sigmoid,5,15894,11204,0.11387945136529508,0.09645261302986041,0.3358010422235067,0.22303015509649515,0.6632637874410993,0.14587067378195237,1.0910994807515335,0.008149853270133942
isotonic,1,15896,11230,0.11386512330145948,0.09774215658512118,0.34199338545343383,0.19695152953904133,0.6303549113849182,-0.19901387753775868,0.889904689274372,0.006176777234311718
isotonic,2,15894,11182,0.11387945136529508,0.09757738314111271,0.33950948167125816,0.19490984273237336,0.648153894313676,0.061732130405158944,1.02270595071829,0.0023249928334149253
isotonic,3,15895,11175,0.11393519974834854,0.09802543538967701,0.3413617894443961,0.19064777532327776,0.6430899300889463,-0.1991793410527849,0.8999045080185015,0.005456182587383502
isotonic,4,15894,11161,0.11387945136529508,0.0973456095392302,0.34087178650719835,0.203783020032689,0.6506129756582839,-0.23394650725508148,0.883356225378956,0.0030498649081618285
isotonic,5,15894,11204,0.11387945136529508,0.09642028981065462,0.3356518267750979,0.21572198451268768,0.6626384549843795,0.11993647614781058,1.07777919764577,0.00523363317194816
