model,outer_fold,inner_n_splits,primary_metric,mean_inner_pr_auc,sd_inner_pr_auc,rank_inner_pr_auc,selected,parameters
logistic_regression,1,3,average_precision,0.2016304305063258,0.004749258564789641,1,1,"{""classifier__C"": 0.1, ""classifier__class_weight"": null, ""classifier__penalty"": ""l2""}"
logistic_regression,1,3,average_precision,0.20151248769626728,0.004593053227394771,2,0,"{""classifier__C"": 0.1, ""classifier__class_weight"": ""balanced"", ""classifier__penalty"": ""l2""}"
logistic_regression,1,3,average_precision,0.20088171088363885,0.0044854060567281985,4,0,"{""classifier__C"": 1.0, ""classifier__class_weight"": null, ""classifier__penalty"": ""l2""}"
logistic_regression,1,3,average_precision,0.20105454625689947,0.004503758612896971,3,0,"{""classifier__C"": 1.0, ""classifier__class_weight"": ""balanced"", ""classifier__penalty"": ""l2""}"
logistic_regression,1,3,average_precision,0.20051892667403548,0.004547173696181697,6,0,"{""classifier__C"": 10.0, ""classifier__class_weight"": null, ""classifier__penalty"": ""l2""}"
logistic_regression,1,3,average_precision,0.20077695876887827,0.004632498570482342,5,0,"{""classifier__C"": 10.0, ""classifier__class_weight"": ""balanced"", ""classifier__penalty"": ""l2""}"
logistic_regression,2,3,average_precision,0.2022616931588083,0.0030430572923412615,4,0,"{""classifier__C"": 0.1, ""classifier__class_weight"": null, ""classifier__penalty"": ""l2""}"
logistic_regression,2,3,average_precision,0.2028081889802982,0.0029551392872021616,1,1,"{""classifier__C"": 0.1, ""classifier__class_weight"": ""balanced"", ""classifier__penalty"": ""l2""}"
logistic_regression,2,3,average_precision,0.20171016496712557,0.003015430929555219,5,0,"{""classifier__C"": 1.0, ""classifier__class_weight"": null, ""classifier__penalty"": ""l2""}"
logistic_regression,2,3,average_precision,0.20247681055916622,0.0027894982416114787,2,0,"{""classifier__C"": 1.0, ""classifier__class_weight"": ""balanced"", ""classifier__penalty"": ""l2""}"
logistic_regression,2,3,average_precision,0.20152502116853252,0.0030807739633251638,6,0,"{""classifier__C"": 10.0, ""classifier__class_weight"": null, ""classifier__penalty"": ""l2""}"
logistic_regression,2,3,average_precision,0.202309577682343,0.0029050449541529913,3,0,"{""classifier__C"": 10.0, ""classifier__class_weight"": ""balanced"", ""classifier__penalty"": ""l2""}"
logistic_regression,3,3,average_precision,0.20470784509715792,0.006664148899183459,1,1,"{""classifier__C"": 0.1, ""classifier__class_weight"": null, ""classifier__penalty"": ""l2""}"
logistic_regression,3,3,average_precision,0.20430801981176652,0.007296184369104047,2,0,"{""classifier__C"": 0.1, ""classifier__class_weight"": ""balanced"", ""classifier__penalty"": ""l2""}"
logistic_regression,3,3,average_precision,0.20411306839239204,0.006320636651138073,3,0,"{""classifier__C"": 1.0, ""classifier__class_weight"": null, ""classifier__penalty"": ""l2""}"
logistic_regression,3,3,average_precision,0.2040969970273685,0.00708790038404154,4,0,"{""classifier__C"": 1.0, ""classifier__class_weight"": ""balanced"", ""classifier__penalty"": ""l2""}"
logistic_regression,3,3,average_precision,0.2039855618625818,0.006110573568925049,6,0,"{""classifier__C"": 10.0, ""classifier__class_weight"": null, ""classifier__penalty"": ""l2""}"
logistic_regression,3,3,average_precision,0.20402576836871597,0.006954131986601465,5,0,"{""classifier__C"": 10.0, ""classifier__class_weight"": ""balanced"", ""classifier__penalty"": ""l2""}"
logistic_regression,4,3,average_precision,0.2011341729024061,0.006235450089361133,1,1,"{""classifier__C"": 0.1, ""classifier__class_weight"": null, ""classifier__penalty"": ""l2""}"
logistic_regression,4,3,average_precision,0.2008922252152351,0.006284883395378593,2,0,"{""classifier__C"": 0.1, ""classifier__class_weight"": ""balanced"", ""classifier__penalty"": ""l2""}"
logistic_regression,4,3,average_precision,0.20024178002837723,0.006350825385926561,4,0,"{""classifier__C"": 1.0, ""classifier__class_weight"": null, ""classifier__penalty"": ""l2""}"
logistic_regression,4,3,average_precision,0.20028369593975706,0.006345412210559396,3,0,"{""classifier__C"": 1.0, ""classifier__class_weight"": ""balanced"", ""classifier__penalty"": ""l2""}"
logistic_regression,4,3,average_precision,0.1998281978270451,0.00640692565508023,6,0,"{""classifier__C"": 10.0, ""classifier__class_weight"": null, ""classifier__penalty"": ""l2""}"
logistic_regression,4,3,average_precision,0.20003949226380388,0.00629477643001755,5,0,"{""classifier__C"": 10.0, ""classifier__class_weight"": ""balanced"", ""classifier__penalty"": ""l2""}"
logistic_regression,5,3,average_precision,0.1997599770309051,0.0043791223531519635,1,1,"{""classifier__C"": 0.1, ""classifier__class_weight"": null, ""classifier__penalty"": ""l2""}"
logistic_regression,5,3,average_precision,0.19946971495611723,0.004573825353287357,2,0,"{""classifier__C"": 0.1, ""classifier__class_weight"": ""balanced"", ""classifier__penalty"": ""l2""}"
logistic_regression,5,3,average_precision,0.19872031482950803,0.0044060756413951295,4,0,"{""classifier__C"": 1.0, ""classifier__class_weight"": null, ""classifier__penalty"": ""l2""}"
logistic_regression,5,3,average_precision,0.1988671774724727,0.004619223277106783,3,0,"{""classifier__C"": 1.0, ""classifier__class_weight"": ""balanced"", ""classifier__penalty"": ""l2""}"
logistic_regression,5,3,average_precision,0.19829316079334205,0.00429511168086466,6,0,"{""classifier__C"": 10.0, ""classifier__class_weight"": null, ""classifier__penalty"": ""l2""}"
logistic_regression,5,3,average_precision,0.19866048946417272,0.004646661412098875,5,0,"{""classifier__C"": 10.0, ""classifier__class_weight"": ""balanced"", ""classifier__penalty"": ""l2""}"
random_forest,1,3,average_precision,0.187918975411742,0.00484036243415795,6,0,"{""classifier__class_weight"": null, ""classifier__max_depth"": null, ""classifier__min_samples_leaf"": 1, ""classifier__n_estimators"": 300}"
random_forest,1,3,average_precision,0.20265969462106392,0.0065686953330729575,3,0,"{""classifier__class_weight"": null, ""classifier__max_depth"": null, ""classifier__min_samples_leaf"": 5, ""classifier__n_estimators"": 300}"
random_forest,1,3,average_precision,0.20312894547166008,0.005040708124794384,2,0,"{""classifier__class_weight"": null, ""classifier__max_depth"": 12, ""classifier__min_samples_leaf"": 1, ""classifier__n_estimators"": 300}"
random_forest,1,3,average_precision,0.20601072616472196,0.005929339295995012,1,1,"{""classifier__class_weight"": null, ""classifier__max_depth"": 12, ""classifier__min_samples_leaf"": 5, ""classifier__n_estimators"": 300}"
random_forest,1,3,average_precision,0.18351536593821652,0.0016008347151269802,8,0,"{""classifier__class_weight"": ""balanced_subsample"", ""classifier__max_depth"": null, ""classifier__min_samples_leaf"": 1, ""classifier__n_estimators"": 300}"
random_forest,1,3,average_precision,0.1962580051506464,0.004740387260208426,4,0,"{""classifier__class_weight"": ""balanced_subsample"", ""classifier__max_depth"": null, ""classifier__min_samples_leaf"": 5, ""classifier__n_estimators"": 300}"
random_forest,1,3,average_precision,0.18596744960386202,0.003612059940158509,7,0,"{""classifier__class_weight"": ""balanced_subsample"", ""classifier__max_depth"": 12, ""classifier__min_samples_leaf"": 1, ""classifier__n_estimators"": 300}"
random_forest,1,3,average_precision,0.19424438180998138,0.005718339662621539,5,0,"{""classifier__class_weight"": ""balanced_subsample"", ""classifier__max_depth"": 12, ""classifier__min_samples_leaf"": 5, ""classifier__n_estimators"": 300}"
random_forest,2,3,average_precision,0.18738013784965535,0.005846062107405128,7,0,"{""classifier__class_weight"": null, ""classifier__max_depth"": null, ""classifier__min_samples_leaf"": 1, ""classifier__n_estimators"": 300}"
random_forest,2,3,average_precision,0.20246768115209632,0.0020399126437738026,3,0,"{""classifier__class_weight"": null, ""classifier__max_depth"": null, ""classifier__min_samples_leaf"": 5, ""classifier__n_estimators"": 300}"
random_forest,2,3,average_precision,0.20443328045163778,0.0021444366783476125,2,0,"{""classifier__class_weight"": null, ""classifier__max_depth"": 12, ""classifier__min_samples_leaf"": 1, ""classifier__n_estimators"": 300}"
random_forest,2,3,average_precision,0.2058043623828509,0.0026651746388665345,1,1,"{""classifier__class_weight"": null, ""classifier__max_depth"": 12, ""classifier__min_samples_leaf"": 5, ""classifier__n_estimators"": 300}"
random_forest,2,3,average_precision,0.18469656562985723,0.003153888631042614,8,0,"{""classifier__class_weight"": ""balanced_subsample"", ""classifier__max_depth"": null, ""classifier__min_samples_leaf"": 1, ""classifier__n_estimators"": 300}"
random_forest,2,3,average_precision,0.19485346960527128,0.0015764426400546126,4,0,"{""classifier__class_weight"": ""balanced_subsample"", ""classifier__max_depth"": null, ""classifier__min_samples_leaf"": 5, ""classifier__n_estimators"": 300}"
random_forest,2,3,average_precision,0.18753700647554883,0.0010222482537119056,6,0,"{""classifier__class_weight"": ""balanced_subsample"", ""classifier__max_depth"": 12, ""classifier__min_samples_leaf"": 1, ""classifier__n_estimators"": 300}"
random_forest,2,3,average_precision,0.19324188924614752,0.0014749066664943124,5,0,"{""classifier__class_weight"": ""balanced_subsample"", ""classifier__max_depth"": 12, ""classifier__min_samples_leaf"": 5, ""classifier__n_estimators"": 300}"
random_forest,3,3,average_precision,0.19084324129504981,0.009190251715014232,6,0,"{""classifier__class_weight"": null, ""classifier__max_depth"": null, ""classifier__min_samples_leaf"": 1, ""classifier__n_estimators"": 300}"
random_forest,3,3,average_precision,0.20716237751647393,0.009205499888659124,2,0,"{""classifier__class_weight"": null, ""classifier__max_depth"": null, ""classifier__min_samples_leaf"": 5, ""classifier__n_estimators"": 300}"
random_forest,3,3,average_precision,0.2068930544942075,0.010037207022172185,3,0,"{""classifier__class_weight"": null, ""classifier__max_depth"": 12, ""classifier__min_samples_leaf"": 1, ""classifier__n_estimators"": 300}"
random_forest,3,3,average_precision,0.20806003242240168,0.011920829562781397,1,1,"{""classifier__class_weight"": null, ""classifier__max_depth"": 12, ""classifier__min_samples_leaf"": 5, ""classifier__n_estimators"": 300}"
random_forest,3,3,average_precision,0.18788888682564062,0.008656928504298398,8,0,"{""classifier__class_weight"": ""balanced_subsample"", ""classifier__max_depth"": null, ""classifier__min_samples_leaf"": 1, ""classifier__n_estimators"": 300}"
random_forest,3,3,average_precision,0.1998818818376786,0.010227997037258265,4,0,"{""classifier__class_weight"": ""balanced_subsample"", ""classifier__max_depth"": null, ""classifier__min_samples_leaf"": 5, ""classifier__n_estimators"": 300}"
random_forest,3,3,average_precision,0.18886315001964724,0.008453871068468502,7,0,"{""classifier__class_weight"": ""balanced_subsample"", ""classifier__max_depth"": 12, ""classifier__min_samples_leaf"": 1, ""classifier__n_estimators"": 300}"
random_forest,3,3,average_precision,0.19722671238959177,0.01120602762657448,5,0,"{""classifier__class_weight"": ""balanced_subsample"", ""classifier__max_depth"": 12, ""classifier__min_samples_leaf"": 5, ""classifier__n_estimators"": 300}"
random_forest,4,3,average_precision,0.18619121382773485,0.005108547121290545,6,0,"{""classifier__class_weight"": null, ""classifier__max_depth"": null, ""classifier__min_samples_leaf"": 1, ""classifier__n_estimators"": 300}"
random_forest,4,3,average_precision,0.20141811357213965,0.007145226952835999,3,0,"{""classifier__class_weight"": null, ""classifier__max_depth"": null, ""classifier__min_samples_leaf"": 5, ""classifier__n_estimators"": 300}"
random_forest,4,3,average_precision,0.20299766122038895,0.00723051894627185,2,0,"{""classifier__class_weight"": null, ""classifier__max_depth"": 12, ""classifier__min_samples_leaf"": 1, ""classifier__n_estimators"": 300}"
random_forest,4,3,average_precision,0.20406970897266372,0.00636843238647586,1,1,"{""classifier__class_weight"": null, ""classifier__max_depth"": 12, ""classifier__min_samples_leaf"": 5, ""classifier__n_estimators"": 300}"
random_forest,4,3,average_precision,0.18244009458841104,0.004459998221666777,8,0,"{""classifier__class_weight"": ""balanced_subsample"", ""classifier__max_depth"": null, ""classifier__min_samples_leaf"": 1, ""classifier__n_estimators"": 300}"
random_forest,4,3,average_precision,0.19445272778089026,0.005253614588461213,4,0,"{""classifier__class_weight"": ""balanced_subsample"", ""classifier__max_depth"": null, ""classifier__min_samples_leaf"": 5, ""classifier__n_estimators"": 300}"
random_forest,4,3,average_precision,0.18604873245411277,0.008957769638157781,7,0,"{""classifier__class_weight"": ""balanced_subsample"", ""classifier__max_depth"": 12, ""classifier__min_samples_leaf"": 1, ""classifier__n_estimators"": 300}"
random_forest,4,3,average_precision,0.1920969858548998,0.00813477250392228,5,0,"{""classifier__class_weight"": ""balanced_subsample"", ""classifier__max_depth"": 12, ""classifier__min_samples_leaf"": 5, ""classifier__n_estimators"": 300}"
random_forest,5,3,average_precision,0.18047921291201732,0.004279625492678648,7,0,"{""classifier__class_weight"": null, ""classifier__max_depth"": null, ""classifier__min_samples_leaf"": 1, ""classifier__n_estimators"": 300}"
random_forest,5,3,average_precision,0.19866512852050386,0.00506349046605121,2,0,"{""classifier__class_weight"": null, ""classifier__max_depth"": null, ""classifier__min_samples_leaf"": 5, ""classifier__n_estimators"": 300}"
random_forest,5,3,average_precision,0.19731294999480267,0.0018611861912301055,3,0,"{""classifier__class_weight"": null, ""classifier__max_depth"": 12, ""classifier__min_samples_leaf"": 1, ""classifier__n_estimators"": 300}"
random_forest,5,3,average_precision,0.199872432799003,0.0035814226289127065,1,1,"{""classifier__class_weight"": null, ""classifier__max_depth"": 12, ""classifier__min_samples_leaf"": 5, ""classifier__n_estimators"": 300}"
random_forest,5,3,average_precision,0.17914915925046748,0.0005327666965990989,8,0,"{""classifier__class_weight"": ""balanced_subsample"", ""classifier__max_depth"": null, ""classifier__min_samples_leaf"": 1, ""classifier__n_estimators"": 300}"
random_forest,5,3,average_precision,0.19212341763104213,0.0037596196102109626,4,0,"{""classifier__class_weight"": ""balanced_subsample"", ""classifier__max_depth"": null, ""classifier__min_samples_leaf"": 5, ""classifier__n_estimators"": 300}"
random_forest,5,3,average_precision,0.18408219274715573,0.00537364120324454,6,0,"{""classifier__class_weight"": ""balanced_subsample"", ""classifier__max_depth"": 12, ""classifier__min_samples_leaf"": 1, ""classifier__n_estimators"": 300}"
random_forest,5,3,average_precision,0.18979402882453503,0.005821368837852838,5,0,"{""classifier__class_weight"": ""balanced_subsample"", ""classifier__max_depth"": 12, ""classifier__min_samples_leaf"": 5, ""classifier__n_estimators"": 300}"
