model,fold,train_encounters,validation_encounters,train_patients,validation_patients,patient_overlap,validation_prevalence_30d,best_inner_pr_auc,best_parameters,roc_auc,pr_auc,brier_score,sensitivity,specificity,precision,f1,balanced_accuracy
logistic_regression,1,63577,15896,44722,11230,0,0.11386512330145948,0.2016304305063258,"{""classifier__C"": 0.1, ""classifier__class_weight"": null, ""classifier__penalty"": ""l2""}",0.6257596783138777,0.20598560109323608,0.09749292348239813,0.019889502762430938,0.9985091580292489,0.631578947368421,0.0385645420460632,0.5091993303958399
logistic_regression,2,63579,15894,44770,11182,0,0.11387945136529508,0.2028081889802982,"{""classifier__C"": 0.1, ""classifier__class_weight"": ""balanced"", ""classifier__penalty"": ""l2""}",0.6424381100924053,0.20260083972012635,0.22919420067800392,0.5226519337016574,0.6714711729622267,0.16974699443746635,0.25626439116890154,0.5970615533319421
logistic_regression,3,63578,15895,44777,11175,0,0.11393519974834854,0.20470784509715792,"{""classifier__C"": 0.1, ""classifier__class_weight"": null, ""classifier__penalty"": ""l2""}",0.6459759624786581,0.19386005167432727,0.09814916209299815,0.009387078961899503,0.9982249360976995,0.40476190476190477,0.01834862385321101,0.5038060075297995
logistic_regression,4,63579,15894,44791,11161,0,0.11387945136529508,0.2011341729024061,"{""classifier__C"": 0.1, ""classifier__class_weight"": null, ""classifier__penalty"": ""l2""}",0.6432414981303969,0.20144385750174004,0.0978740250177378,0.019337016574585635,0.9966628798636751,0.4268292682926829,0.03699788583509514,0.5079999482191303
logistic_regression,5,63579,15894,44748,11204,0,0.11387945136529508,0.1997599770309051,"{""classifier__C"": 0.1, ""classifier__class_weight"": null, ""classifier__penalty"": ""l2""}",0.6506056792630169,0.21313191827304306,0.09716105277741377,0.026519337016574586,0.9969468900880432,0.5274725274725275,0.05049973698053656,0.5117331135523089
random_forest,1,63577,15896,44722,11230,0,0.11386512330145948,0.20601072616472196,"{""classifier__class_weight"": null, ""classifier__max_depth"": 12, ""classifier__min_samples_leaf"": 5, ""classifier__n_estimators"": 300}",0.630663885539735,0.20526948037688508,0.09829557797973806,0.0,1.0,0.0,0.0,0.5
random_forest,2,63579,15894,44770,11182,0,0.11387945136529508,0.2058043623828509,"{""classifier__class_weight"": null, ""classifier__max_depth"": 12, ""classifier__min_samples_leaf"": 5, ""classifier__n_estimators"": 300}",0.6485780659374455,0.20174240639732777,0.09814816505874228,0.0,1.0,0.0,0.0,0.5
random_forest,3,63578,15895,44777,11175,0,0.11393519974834854,0.20806003242240168,"{""classifier__class_weight"": null, ""classifier__max_depth"": 12, ""classifier__min_samples_leaf"": 5, ""classifier__n_estimators"": 300}",0.6435505449593204,0.19587036942512814,0.09831081953945289,0.0,1.0,0.0,0.0,0.5
random_forest,4,63579,15894,44791,11161,0,0.11387945136529508,0.20406970897266372,"{""classifier__class_weight"": null, ""classifier__max_depth"": 12, ""classifier__min_samples_leaf"": 5, ""classifier__n_estimators"": 300}",0.6504781884855037,0.20917240702030718,0.09780057796050377,0.0,1.0,0.0,0.0,0.5
random_forest,5,63579,15894,44748,11204,0,0.11387945136529508,0.199872432799003,"{""classifier__class_weight"": null, ""classifier__max_depth"": 12, ""classifier__min_samples_leaf"": 5, ""classifier__n_estimators"": 300}",0.6632637874410993,0.22303015509649515,0.09740329975382656,0.0,1.0,0.0,0.0,0.5
