threshold,n_folds,mean_sensitivity,sd_sensitivity,mean_specificity,sd_specificity,mean_precision,sd_precision,mean_f1,sd_f1,mean_balanced_accuracy,sd_balanced_accuracy,mean_predicted_positive_rate,sd_predicted_positive_rate
0.010000000000,5,1.000000000000,0.000000000000,0.000000000000,0.000000000000,0.113887735429,0.000027249069,0.204486917897,0.000043922447,0.500000000000,0.000000000000,1.000000000000,0.000000000000
0.015000000000,5,1.000000000000,0.000000000000,0.000056793980,0.000126995200,0.113893467376,0.000024140403,0.204496157552,0.000038911361,0.500028396990,0.000063497600,0.999949672874,0.000112534876
0.020000000000,5,1.000000000000,0.000000000000,0.000227188017,0.000307000248,0.113910670973,0.000026734581,0.204523887742,0.000043092752,0.500113594008,0.000153500124,0.999798681995,0.000272043227
0.025000000000,5,0.999779066539,0.000302525619,0.001320591088,0.000513389813,0.113998855747,0.000052114482,0.204661387055,0.000084648953,0.500549828814,0.000273937291,0.998804642091,0.000462265595
0.030000000000,5,0.999226641366,0.000924431561,0.003961803508,0.000773358848,0.114210665235,0.000059772965,0.204991034877,0.000104884155,0.501594222437,0.000181243564,0.996401327077,0.000783571783
0.035000000000,5,0.997127559939,0.002631935385,0.010167227301,0.001784135200,0.114630741231,0.000129329830,0.205622818839,0.000251377654,0.503647393620,0.000568649946,0.990663570009,0.001865109769
0.040000000000,5,0.995028417498,0.003427447872,0.020746263378,0.002734819154,0.115510304209,0.000128082892,0.206991365848,0.000258126343,0.507887340438,0.000629478046,0.981050276702,0.002793737535
0.045000000000,5,0.990387899607,0.004289927313,0.036465749427,0.004149675316,0.116691614829,0.000279454994,0.208783208034,0.000485882982,0.513426824517,0.001275415583,0.966592570814,0.004086247036
0.050000000000,5,0.982985255849,0.005348188468,0.058319721234,0.005079044980,0.118292802716,0.000436715470,0.211172530988,0.000753727821,0.520652488541,0.001968532473,0.946384442166,0.004954971025
0.055000000000,5,0.971052896510,0.005696395372,0.086208714731,0.007161354581,0.120168609967,0.000494874975,0.213869624024,0.000783888184,0.528630805620,0.002065065721,0.920312730720,0.006885908166
0.060000000000,5,0.954480019281,0.007907569415,0.119806110095,0.011011046837,0.122329565812,0.000853962365,0.216862554730,0.001324650181,0.537143064688,0.003418192839,0.888654252290,0.010480226281
0.065000000000,5,0.936029665244,0.011627441766,0.159168737600,0.012310071700,0.125172199011,0.000763082625,0.220811829618,0.001217388307,0.547599201422,0.002956693889,0.851673196584,0.012089083925
0.070000000000,5,0.911391587933,0.011613401371,0.202848205588,0.013752461079,0.128125602784,0.000806513356,0.224661775263,0.001138026925,0.557119896760,0.002714984380,0.810162245921,0.013415830369
0.075000000000,5,0.883881192589,0.016038448988,0.250901372560,0.013275788075,0.131683174659,0.001098129764,0.229210745873,0.001902398330,0.567391282575,0.004188754837,0.764448602618,0.013356741316
0.080000000000,5,0.850403580330,0.019543556791,0.300843173248,0.014014902529,0.135190756930,0.001045254796,0.233285296695,0.002025774020,0.575623376789,0.004251482938,0.716381962721,0.014500586877
0.085000000000,5,0.813943274831,0.021881487208,0.354760901337,0.014928108541,0.139506277368,0.001446018999,0.238175483356,0.002718245756,0.584352088084,0.005361758720,0.664452440401,0.015505563532
0.090000000000,5,0.773505556894,0.025031559952,0.408735459699,0.014116484615,0.143921633617,0.001788720643,0.242672261531,0.003546845314,0.591120508297,0.006732363653,0.612019555783,0.015155490227
0.095000000000,5,0.730195398897,0.025034004745,0.462752686131,0.013395609589,0.148685723784,0.001750799646,0.247044645854,0.003653932090,0.596474042514,0.006593321904,0.559221769422,0.014589980955
0.100000000000,5,0.685117468143,0.024852602534,0.515179501680,0.010938219006,0.153672444783,0.001882344624,0.251018978435,0.004147795724,0.600148484911,0.007079381419,0.507631913251,0.012496526692
0.105000000000,5,0.636835300542,0.028853726160,0.566016017241,0.007372639835,0.158611321736,0.003976434829,0.253954261814,0.007373125348,0.601425658892,0.010960847429,0.457086352865,0.009722134426
0.110000000000,5,0.591757735874,0.030543228232,0.614211201423,0.005972217357,0.164593549192,0.005088360419,0.257535252490,0.009126066481,0.602984468649,0.012366113919,0.409246225409,0.008726125352
0.115000000000,5,0.543586065511,0.023908640320,0.659126228814,0.003704307188,0.170036436091,0.004949141907,0.259033441099,0.008452675602,0.601356147163,0.010338712972,0.363960336560,0.005841503389
0.120000000000,5,0.500497207062,0.021229780906,0.699255730298,0.004886290688,0.176160124061,0.005214335772,0.260583744979,0.008467662779,0.599876468680,0.009407803808,0.323493780638,0.006062813175
0.125000000000,5,0.458733949376,0.018120050632,0.735395033301,0.004501054889,0.182188599475,0.005375602564,0.260785588684,0.008272951160,0.597064491339,0.008349036547,0.286713937652,0.005216705146
0.130000000000,5,0.425588805062,0.016266889433,0.765811721827,0.004407886320,0.189340885502,0.006413511945,0.262070323263,0.009031917609,0.595700263445,0.008324315607,0.255986478603,0.004401881865
0.135000000000,5,0.393990439030,0.017271543207,0.791371916167,0.003870299652,0.195277222566,0.006529959127,0.261111463251,0.009442231705,0.592681177599,0.008192496062,0.229738576300,0.004488756903
0.140000000000,5,0.364270220964,0.016248254212,0.813197529293,0.002650643001,0.200349461659,0.006513809898,0.258501062290,0.009405285425,0.588733875128,0.007646172218,0.207013849900,0.003560858875
0.145000000000,5,0.342062899836,0.015671166468,0.831260037189,0.002354772807,0.206613697223,0.005841329332,0.257601015391,0.008929747974,0.586661468512,0.006936289385,0.188479262855,0.003667522451
0.150000000000,5,0.321180630341,0.013745245878,0.846965354987,0.001893099197,0.212362961911,0.005268380929,0.255658118272,0.008168682059,0.584072992664,0.005984090654,0.172184401540,0.003199351933
0.155000000000,5,0.303945135772,0.013841677016,0.860001073456,0.002416131874,0.218076277633,0.005265021463,0.253922471873,0.008333387017,0.581973104614,0.005856051119,0.158670354602,0.003625883685
0.160000000000,5,0.287703994313,0.013166320566,0.871474776017,0.003371429938,0.223361115111,0.005120920965,0.251439802248,0.007921022311,0.579589385165,0.005340572222,0.146653671077,0.004277751841
0.165000000000,5,0.272126202367,0.016450864364,0.881216058550,0.004242212316,0.227361881964,0.006912894210,0.247662128493,0.010414354785,0.576671130458,0.006709985688,0.136247613915,0.005346759182
0.170000000000,5,0.256768916779,0.016840099466,0.889977552184,0.005089414209,0.230672795619,0.008150716218,0.242911197635,0.011100776256,0.573373234481,0.006834886097,0.126734928155,0.006032047885
0.175000000000,5,0.244947237722,0.018210116392,0.898284609295,0.005840873091,0.236315003647,0.009958647679,0.240395375743,0.012611851818,0.571615923508,0.007431341184,0.118027579326,0.006759928803
0.180000000000,5,0.230915735941,0.019692988439,0.906165679298,0.006314296814,0.240299605865,0.013245161437,0.235311629400,0.014935727021,0.568540707620,0.008425111430,0.109446028520,0.007130287407
0.185000000000,5,0.217767723946,0.019435877943,0.913237322178,0.006936583064,0.244023385535,0.013811692108,0.229879325876,0.014803648881,0.565502523062,0.008033248979,0.101682382176,0.007720672396
0.190000000000,5,0.208045187330,0.019994584572,0.920067564431,0.006458811201,0.250672877741,0.013016677676,0.227088031213,0.015236564417,0.564056375881,0.008016945382,0.094522731803,0.007519947237
0.195000000000,5,0.194345116248,0.018788720218,0.926656450417,0.006506217193,0.254255609733,0.016461009149,0.219994153100,0.015747647324,0.560500783333,0.007949683320,0.087123951584,0.007225150398
0.200000000000,5,0.182412268793,0.017913253592,0.932492687130,0.006398189268,0.257996837507,0.014851103525,0.213371595425,0.014700424935,0.557452477962,0.007122510122,0.080593431451,0.007234782022
0.205000000000,5,0.172358240464,0.017558789845,0.938229546475,0.006206941139,0.264328987092,0.018095799824,0.208297978300,0.015755137477,0.555293893470,0.007351866628,0.074364885159,0.006887249714
0.210000000000,5,0.162082546501,0.015291585146,0.943171199371,0.005467841788,0.268602112718,0.016937876010,0.201860041400,0.014193802601,0.552626872936,0.006364950201,0.068815814441,0.006063974063
0.215000000000,5,0.151586285163,0.014115668041,0.947814597174,0.005244901705,0.272249732449,0.015748234808,0.194419188423,0.013075034863,0.549700441169,0.005568483588,0.063505866444,0.005878305554
0.220000000000,5,0.144293955600,0.014703573499,0.952387030729,0.005020122872,0.280629041725,0.014309743441,0.190234890195,0.013848535911,0.548340493165,0.005633734379,0.058623692686,0.005843472918
0.225000000000,5,0.137001931109,0.014512978316,0.956490869593,0.004634619615,0.288378452555,0.014612732807,0.185404772804,0.014302540051,0.546746400351,0.005630689491,0.054156762843,0.005497879247
0.230000000000,5,0.129709540530,0.013821202594,0.960608892839,0.004524623538,0.297775241889,0.013834858128,0.180322428671,0.013894762394,0.545159216685,0.005178111348,0.049677248843,0.005392427383
0.235000000000,5,0.123190996702,0.013658651667,0.963960112673,0.004363646205,0.305757644006,0.017485194355,0.175246793456,0.014691157639,0.543575554688,0.005396267392,0.045965293179,0.005135375908
0.240000000000,5,0.116451458399,0.013114069237,0.966800138299,0.004137659603,0.311317070364,0.017294001878,0.169124650000,0.014507168587,0.541625798349,0.005146417537,0.042681150546,0.004906263947
0.245000000000,5,0.110264345269,0.013712902755,0.969427154241,0.003892209226,0.317163802292,0.019281524013,0.163271121960,0.016112675592,0.539845749755,0.005615773123,0.039648674416,0.004702721025
0.250000000000,5,0.104408723851,0.015614995521,0.971897962542,0.003876975109,0.323261300743,0.019409720998,0.157402460654,0.019004702197,0.538153343197,0.006405681829,0.036792369352,0.004952719795
0.255000000000,5,0.098663477643,0.017024907388,0.974155759143,0.003712920895,0.328710699300,0.021983828556,0.151313576170,0.021651876903,0.536409618393,0.007155188205,0.034137391791,0.004956247113
0.260000000000,5,0.092918292449,0.015572653144,0.976186381841,0.003443231963,0.333709363130,0.019940410817,0.144932940056,0.020142912041,0.534552337145,0.006461349885,0.031683731443,0.004612501313
0.265000000000,5,0.088167643407,0.015604179348,0.978117598944,0.002971145777,0.340496788291,0.022979634341,0.139690358159,0.020954126901,0.533142621175,0.006718533059,0.029431397016,0.004163446659
0.270000000000,5,0.083858800272,0.015898951799,0.979935195827,0.002502039146,0.348200962652,0.028695607493,0.134847400205,0.022316167671,0.531896998050,0.007139258055,0.027330070882,0.003709857900
0.275000000000,5,0.080544310246,0.015632895667,0.981298394497,0.002516654910,0.355264395760,0.034244564970,0.131006708620,0.022516663654,0.530921352372,0.007157275191,0.025744628664,0.003573371014
0.280000000000,5,0.077560945847,0.014391950315,0.982548015290,0.002431361366,0.362685055601,0.028532444501,0.127479354537,0.020768821563,0.530054480568,0.006406980557,0.024297588419,0.003501396796
0.285000000000,5,0.073693786590,0.014133906822,0.983840223501,0.002553309306,0.369056308836,0.026702329983,0.122496902919,0.020457788685,0.528767005046,0.006177132947,0.022712153326,0.003623275351
0.290000000000,5,0.069163704922,0.014308667188,0.985160832736,0.002486964228,0.373873924111,0.027598883897,0.116361558928,0.021159874054,0.527162268829,0.006255691230,0.021026041816,0.003606081858
0.295000000000,5,0.066070087342,0.013782516006,0.986254237823,0.002415793626,0.381275275554,0.028571615712,0.112259584822,0.020642380796,0.526162162583,0.006010809213,0.019704836801,0.003496259139
0.300000000000,5,0.063308083504,0.013672009031,0.987134637259,0.002534841667,0.387354171993,0.032229489724,0.108433310694,0.020710979237,0.525221360382,0.005930348847,0.018610129979,0.003576036443
0.305000000000,5,0.058888804147,0.012658207040,0.988100237745,0.002623862622,0.390054107057,0.042840991444,0.101951604936,0.019685544491,0.523494520946,0.005607730224,0.017251175662,0.003414326165
0.310000000000,5,0.055353197617,0.012320395811,0.989023238714,0.002604562997,0.395210238122,0.046701090499,0.096724399566,0.019459016405,0.522188218165,0.005470157939,0.016030644690,0.003349977194
0.315000000000,5,0.052591437837,0.012688178125,0.989790042125,0.002669916940,0.401327810858,0.056564402185,0.092595313512,0.020344220568,0.521190739981,0.005771831621,0.015036600828,0.003347503485
0.320000000000,5,0.050602609590,0.012072508249,0.990514250051,0.002512387463,0.409834925375,0.053968618291,0.089696103085,0.019477867777,0.520558429820,0.005406844239,0.014168383489,0.003223829265
0.325000000000,5,0.047619306204,0.010443238483,0.991224247384,0.002498286250,0.415967383986,0.057943502864,0.085086725014,0.016900132817,0.519421776794,0.004555741117,0.013199503981,0.003094438295
0.330000000000,5,0.044415252402,0.009780607867,0.991891663346,0.002283042310,0.418012637671,0.061570691893,0.079998416255,0.016262719454,0.518153457874,0.004421407095,0.012243192005,0.002761165773
0.335000000000,5,0.042095115485,0.009724419868,0.992559077292,0.002191746295,0.425948498325,0.061321150438,0.076312137699,0.016320273718,0.517327096389,0.004311019360,0.011387548532,0.002743312458
0.340000000000,5,0.039885231748,0.009240615440,0.993198076102,0.002164533047,0.436209916913,0.067746777030,0.072781502984,0.015658975365,0.516541653925,0.004056171312,0.010569664652,0.002690118688
0.345000000000,5,0.037344100357,0.009486799469,0.993567285361,0.001972075060,0.431483849922,0.064098488677,0.068455403451,0.016262777819,0.515455692859,0.004148869019,0.009953103526,0.002597829836
0.350000000000,5,0.036128691758,0.009486446669,0.993908091582,0.001879651398,0.435966694956,0.064256519040,0.066455907447,0.016391251372,0.515018391670,0.004151404452,0.009512698424,0.002534563532
0.355000000000,5,0.034471355223,0.009299297467,0.994348297348,0.001877081294,0.444069419432,0.066565882296,0.063698400768,0.016210328648,0.514409826286,0.004049687938,0.008933881851,0.002520286450
0.360000000000,5,0.032372212782,0.009066925845,0.994788505131,0.001750597485,0.448368448059,0.074933044177,0.060141620335,0.016042565877,0.513580358956,0.004061728133,0.008304731819,0.002327988866
0.365000000000,5,0.031377737644,0.009362922163,0.995214514419,0.001697205412,0.461142157285,0.074663028852,0.058508222434,0.016754244845,0.513296126031,0.004196631779,0.007813991675,0.002329823719
0.370000000000,5,0.029941456599,0.008553784496,0.995626319163,0.001569082067,0.472712721452,0.076973300047,0.056096563408,0.015414775634,0.512783887881,0.003823310903,0.007285510936,0.002148167606
0.375000000000,5,0.028284303108,0.008545336372,0.995839326831,0.001440066937,0.469101337569,0.072756706770,0.053151670867,0.015476276983,0.512061814969,0.003844878993,0.006908024241,0.002046246146
0.380000000000,5,0.026737402796,0.008705917425,0.996066528962,0.001393805122,0.466998878419,0.076358357694,0.050381987903,0.015872003387,0.511401965879,0.003900334215,0.006530539130,0.002052531384
0.385000000000,5,0.025853424896,0.008427619269,0.996180129019,0.001367142618,0.465883978308,0.073939756243,0.048795206027,0.015379337724,0.511016776957,0.003727057289,0.006329217960,0.002034235664
0.390000000000,5,0.024306646613,0.007910161051,0.996449930667,0.001339754901,0.470434289650,0.075519140007,0.046039027389,0.014474012745,0.510378288640,0.003459519103,0.005913987504,0.001971192656
0.395000000000,5,0.022649493122,0.007939500282,0.996776538392,0.001230487350,0.474454694921,0.078838136815,0.043065685754,0.014665122770,0.509713015757,0.003519514867,0.005435833099,0.001876316956
0.400000000000,5,0.021544703790,0.008674570033,0.996961145038,0.001154158044,0.469433235105,0.089003390601,0.041036232142,0.016145140726,0.509252924414,0.003916681221,0.005146423626,0.001886200404
0.405000000000,5,0.020218736939,0.009100036165,0.997145747652,0.001097045740,0.461240852149,0.106633647701,0.038586041849,0.017056639376,0.508682242295,0.004133904329,0.004831849797,0.001897173818
0.410000000000,5,0.019334759039,0.008950952378,0.997401346772,0.001072875574,0.476327695965,0.107227725522,0.036998493575,0.016801034098,0.508368052905,0.004067265656,0.004504699728,0.001862000154
0.415000000000,5,0.018561339390,0.008652650295,0.997557546347,0.001034595202,0.481252513576,0.122980069705,0.035592280017,0.016295825031,0.508059442868,0.003937599670,0.004278209452,0.001793452840
0.420000000000,5,0.017677605547,0.008259623468,0.997685344899,0.001066973739,0.487490750749,0.135333562775,0.033969419315,0.015593114626,0.507681475223,0.003780290131,0.004064301750,0.001734886987
0.425000000000,5,0.017014744151,0.008151871096,0.997827347995,0.001074032466,0.493439879255,0.139009419968,0.032748713952,0.015435760291,0.507421046073,0.003730009684,0.003862973455,0.001724586139
0.430000000000,5,0.016020330027,0.007939287098,0.997983551602,0.001001146041,0.490061964180,0.156400680322,0.030901253029,0.015115829707,0.507001940815,0.003644548450,0.003611312492,0.001644685604
0.435000000000,5,0.015357407616,0.007807443110,0.998153953704,0.000985149551,0.499556892891,0.175606821324,0.029681074803,0.014915090998,0.506755680660,0.003602261160,0.003384820634,0.001601268950
0.440000000000,5,0.014694546220,0.007335892134,0.998253355266,0.000956059286,0.504828548644,0.177740590716,0.028450433578,0.014046612619,0.506473950743,0.003387491862,0.003221240850,0.001518796824
0.445000000000,5,0.013589634859,0.006907122069,0.998381155835,0.000929043016,0.504431361676,0.197416493281,0.026368152488,0.013267494882,0.505985395347,0.003181211267,0.002982164043,0.001453664311
0.450000000000,5,0.013037148671,0.006567161762,0.998466356886,0.000901778990,0.511499682008,0.195358795728,0.025328911125,0.012629359457,0.505751752778,0.003000596029,0.002843753364,0.001413485557
0.455000000000,5,0.012374348289,0.006450201334,0.998594161487,0.000799231083,0.517377009216,0.185649941440,0.024081430176,0.012421688448,0.505484254888,0.002965476773,0.002655010017,0.001324572826
0.460000000000,5,0.011159061719,0.006292192327,0.998707765577,0.000740285319,0.505808689955,0.179973036262,0.021751950343,0.012137443836,0.504933413648,0.002863946205,0.002415935585,0.001297549313
0.465000000000,5,0.009833216897,0.005865305689,0.998892368190,0.000689504993,0.510845980011,0.204072935719,0.019219891077,0.011362649640,0.504362792544,0.002666123485,0.002101362548,0.001212374749
0.470000000000,5,0.009501725185,0.005812957015,0.998963370746,0.000661517559,0.519271142801,0.187143876940,0.018585962545,0.011272443042,0.504232547965,0.002636627851,0.002000699588,0.001195769079
0.475000000000,5,0.008949361026,0.005433076903,0.999062774325,0.000664936616,0.538357843137,0.163624512054,0.017533083625,0.010555444618,0.504006067675,0.002456604466,0.001849702377,0.001147797821
0.480000000000,5,0.008176002392,0.005188856356,0.999190578926,0.000603739296,0.556485260771,0.130274486913,0.016045417280,0.010094158680,0.503683290659,0.002340237283,0.001648376457,0.001085585509
0.485000000000,5,0.007071152045,0.004885848557,0.999247380970,0.000588944158,0.525780379041,0.139225066325,0.013894525122,0.009528252730,0.503159266508,0.002185583237,0.001472214891,0.001047728152
0.490000000000,5,0.006187296173,0.004727082656,0.999304180999,0.000597018981,0.516858054226,0.135204856674,0.012168427293,0.009230875019,0.502745738586,0.002105674597,0.001321224013,0.001034801001
0.495000000000,5,0.005855804461,0.004582771543,0.999304180999,0.000597018981,0.503286625655,0.118361110352,0.011518369813,0.008947592760,0.502579992730,0.002019012247,0.001283475502,0.001030582719
0.500000000000,5,0.005303379287,0.004254629299,0.999346782533,0.000539345252,0.487918192918,0.110877181492,0.010444737992,0.008327013123,0.502325080910,0.001887219777,0.001182810958,0.000938928255
