outer_fold,n,positive_30d,prevalence_30d,threshold,tp,fp,tn,fn,sensitivity,specificity,precision,f1,balanced_accuracy,predicted_positive_rate
1,15896,1810,0.113865123301,0.010000000000,1810,14086,0,0,1.000000000000,0.000000000000,0.113865123301,0.204450468768,0.500000000000,1.000000000000
1,15896,1810,0.113865123301,0.015000000000,1810,14082,4,0,1.000000000000,0.000283969899,0.113893783035,0.204496667043,0.500141984950,0.999748364368
1,15896,1810,0.113865123301,0.020000000000,1810,14076,10,0,1.000000000000,0.000709924748,0.113936799698,0.204566003617,0.500354962374,0.999370910921
1,15896,1810,0.113865123301,0.025000000000,1810,14058,28,0,1.000000000000,0.001987789294,0.114066044870,0.204774295735,0.500993894647,0.998238550579
1,15896,1810,0.113865123301,0.030000000000,1806,14017,69,4,0.997790055249,0.004898480761,0.114137647728,0.204843191743,0.501344268005,0.995407649723
1,15896,1810,0.113865123301,0.035000000000,1798,13918,168,12,0.993370165746,0.011926735766,0.114405701196,0.205180874130,0.502648450756,0.988676396578
1,15896,1810,0.113865123301,0.040000000000,1793,13747,339,17,0.990607734807,0.024066448956,0.115379665380,0.206685878963,0.507337091882,0.977604428787
1,15896,1810,0.113865123301,0.045000000000,1780,13509,577,30,0.983425414365,0.040962657958,0.116423572503,0.208199309901,0.512194036161,0.961814292904
1,15896,1810,0.113865123301,0.050000000000,1765,13204,882,45,0.975138121547,0.062615362772,0.117910348053,0.210382025150,0.518876742159,0.941683442375
1,15896,1810,0.113865123301,0.055000000000,1742,12802,1284,68,0.962430939227,0.091154337640,0.119774477448,0.213036565978,0.526792638433,0.914947156517
1,15896,1810,0.113865123301,0.060000000000,1706,12299,1787,104,0.942541436464,0.126863552463,0.121813637986,0.215744546317,0.534702494464,0.881039255159
1,15896,1810,0.113865123301,0.065000000000,1666,11709,2377,144,0.920441988950,0.168749112594,0.124560747664,0.219427066184,0.544595550772,0.841406643181
1,15896,1810,0.113865123301,0.070000000000,1627,11062,3024,183,0.898895027624,0.214681243788,0.128221294034,0.224429270984,0.556788135706,0.798251132360
1,15896,1810,0.113865123301,0.075000000000,1567,10386,3700,243,0.865745856354,0.262672156751,0.131096795783,0.227711981399,0.564209006552,0.751950176145
1,15896,1810,0.113865123301,0.080000000000,1497,9693,4393,313,0.827071823204,0.311869941786,0.133780160858,0.230307692308,0.569470882495,0.703950679416
1,15896,1810,0.113865123301,0.085000000000,1417,8893,5193,393,0.782872928177,0.368663921624,0.137439379243,0.233828382838,0.575768424901,0.648590840463
1,15896,1810,0.113865123301,0.090000000000,1339,8107,5979,471,0.739779005525,0.424464006815,0.141753123015,0.237917555082,0.582121506170,0.594237544036
1,15896,1810,0.113865123301,0.095000000000,1258,7354,6732,552,0.695027624309,0.477921340338,0.146075243846,0.241412396853,0.586474482324,0.541771514847
1,15896,1810,0.113865123301,0.100000000000,1179,6624,7462,631,0.651381215470,0.529745846940,0.151095732411,0.245292832622,0.590563531205,0.490878208354
1,15896,1810,0.113865123301,0.105000000000,1074,5972,8114,736,0.593370165746,0.576032940508,0.152426908884,0.242547425474,0.584701553127,0.443256165073
1,15896,1810,0.113865123301,0.110000000000,986,5302,8784,824,0.544751381215,0.623597898623,0.156806615776,0.243516917757,0.584174639919,0.395571212884
1,15896,1810,0.113865123301,0.115000000000,915,4712,9374,895,0.505524861878,0.665483458753,0.162608850187,0.246066962485,0.585504160316,0.353988424761
1,15896,1810,0.113865123301,0.120000000000,845,4145,9941,965,0.466850828729,0.705736191964,0.169338677355,0.248529411765,0.586293510346,0.313915450428
1,15896,1810,0.113865123301,0.125000000000,778,3650,10436,1032,0.429834254144,0.740877466988,0.175700090334,0.249438922732,0.585355860566,0.278560644187
1,15896,1810,0.113865123301,0.130000000000,729,3250,10836,1081,0.402762430939,0.769274456908,0.183211862277,0.251856970116,0.586018443923,0.250314544540
1,15896,1810,0.113865123301,0.135000000000,669,2890,11196,1141,0.369613259669,0.794831747835,0.187974150042,0.249208418700,0.582222503752,0.223892803221
1,15896,1810,0.113865123301,0.140000000000,620,2606,11480,1190,0.342541436464,0.814993610677,0.192188468692,0.246227164416,0.578767523571,0.202944136890
1,15896,1810,0.113865123301,0.145000000000,586,2337,11749,1224,0.323756906077,0.834090586398,0.200478959973,0.247623072047,0.578923746238,0.183882737796
1,15896,1810,0.113865123301,0.150000000000,546,2115,11971,1264,0.301657458564,0.849850915803,0.205186020293,0.244240662044,0.575754187183,0.167400603926
1,15896,1810,0.113865123301,0.155000000000,520,1941,12145,1290,0.287292817680,0.862203606418,0.211296221048,0.243502692578,0.574748212049,0.154818822345
1,15896,1810,0.113865123301,0.160000000000,496,1787,12299,1314,0.274033149171,0.873136447537,0.217257993868,0.242365013438,0.573584798354,0.143621036739
1,15896,1810,0.113865123301,0.165000000000,474,1654,12432,1336,0.261878453039,0.882578446685,0.222744360902,0.240731335703,0.572228449862,0.133870156014
1,15896,1810,0.113865123301,0.170000000000,446,1544,12542,1364,0.246408839779,0.890387618912,0.224120603015,0.234736842105,0.568398229346,0.125188726724
1,15896,1810,0.113865123301,0.175000000000,424,1424,12662,1386,0.234254143646,0.898906715888,0.229437229437,0.231820667031,0.566580429767,0.116255661802
1,15896,1810,0.113865123301,0.180000000000,395,1318,12768,1415,0.218232044199,0.906431918217,0.230589608873,0.224240703946,0.562331981208,0.107762959235
1,15896,1810,0.113865123301,0.185000000000,371,1213,12873,1439,0.204972375691,0.913886128070,0.234217171717,0.218621096052,0.559429251881,0.099647710116
1,15896,1810,0.113865123301,0.190000000000,356,1112,12974,1454,0.196685082873,0.921056368025,0.242506811989,0.217205613179,0.558870725449,0.092350276799
1,15896,1810,0.113865123301,0.195000000000,334,1037,13049,1476,0.184530386740,0.926380803635,0.243617797228,0.209996856334,0.555455595188,0.086248112733
1,15896,1810,0.113865123301,0.200000000000,313,951,13135,1497,0.172928176796,0.932486156467,0.247626582278,0.203643461288,0.552707166631,0.079516859587
1,15896,1810,0.113865123301,0.205000000000,295,878,13208,1515,0.162983425414,0.937668607128,0.251491901108,0.197787462286,0.550326016271,0.073792148968
1,15896,1810,0.113865123301,0.210000000000,275,816,13270,1535,0.151933701657,0.942070140565,0.252062328139,0.189589796622,0.547001921111,0.068633618520
1,15896,1810,0.113865123301,0.215000000000,255,732,13354,1555,0.140883977901,0.948033508448,0.258358662614,0.182338219521,0.544458743174,0.062091092099
1,15896,1810,0.113865123301,0.220000000000,244,667,13419,1566,0.134806629834,0.952648019310,0.267837541164,0.179345828739,0.543727324572,0.057310015098
1,15896,1810,0.113865123301,0.225000000000,232,613,13473,1578,0.128176795580,0.956481612949,0.274556213018,0.174764595104,0.542329204265,0.053158027177
1,15896,1810,0.113865123301,0.230000000000,220,551,13535,1590,0.121546961326,0.960883146386,0.285343709468,0.170476559473,0.541215053856,0.048502767992
1,15896,1810,0.113865123301,0.235000000000,207,501,13585,1603,0.114364640884,0.964432770126,0.292372881356,0.164416203336,0.539398705505,0.044539506794
1,15896,1810,0.113865123301,0.240000000000,200,463,13623,1610,0.110497237569,0.967130484169,0.301659125189,0.161746866154,0.538813860869,0.041708605939
1,15896,1810,0.113865123301,0.245000000000,189,424,13662,1621,0.104419889503,0.969899190686,0.308319738989,0.156004952538,0.537159540094,0.038563160544
1,15896,1810,0.113865123301,0.250000000000,180,384,13702,1630,0.099447513812,0.972738889678,0.319148936170,0.151642796967,0.536093201745,0.035480624056
1,15896,1810,0.113865123301,0.255000000000,171,342,13744,1639,0.094475138122,0.975720573619,0.333333333333,0.147223417994,0.535097855870,0.032272269753
1,15896,1810,0.113865123301,0.260000000000,160,317,13769,1650,0.088397790055,0.977495385489,0.335429769392,0.139921294272,0.532946587772,0.030007549069
1,15896,1810,0.113865123301,0.265000000000,153,291,13795,1657,0.084530386740,0.979341189834,0.344594594595,0.135758651287,0.531935788287,0.027931555108
1,15896,1810,0.113865123301,0.270000000000,145,257,13829,1665,0.080110497238,0.981754933977,0.360696517413,0.131103074141,0.530932715607,0.025289380976
1,15896,1810,0.113865123301,0.275000000000,142,232,13854,1668,0.078453038674,0.983529745847,0.379679144385,0.130036630037,0.530991392260,0.023527931555
1,15896,1810,0.113865123301,0.280000000000,136,220,13866,1674,0.075138121547,0.984381655545,0.382022471910,0.125577100646,0.529759888546,0.022395571213
1,15896,1810,0.113865123301,0.285000000000,122,201,13885,1688,0.067403314917,0.985730512566,0.377708978328,0.114392873887,0.526566913741,0.020319577252
1,15896,1810,0.113865123301,0.290000000000,115,182,13904,1695,0.063535911602,0.987079369587,0.387205387205,0.109159943047,0.525307640595,0.018683945647
1,15896,1810,0.113865123301,0.295000000000,112,165,13921,1698,0.061878453039,0.988286241658,0.404332129964,0.107331097269,0.525082347349,0.017425767489
1,15896,1810,0.113865123301,0.300000000000,109,149,13937,1701,0.060220994475,0.989422121255,0.422480620155,0.105415860735,0.524821557865,0.016230498239
1,15896,1810,0.113865123301,0.305000000000,104,132,13954,1706,0.057458563536,0.990628993327,0.440677966102,0.101661779081,0.524043778431,0.014846502265
1,15896,1810,0.113865123301,0.310000000000,95,116,13970,1715,0.052486187845,0.991764872923,0.450236966825,0.094012864918,0.522125530384,0.013273779567
1,15896,1810,0.113865123301,0.315000000000,90,104,13982,1720,0.049723756906,0.992616782621,0.463917525773,0.089820359281,0.521170269764,0.012204328133
1,15896,1810,0.113865123301,0.320000000000,85,95,13991,1725,0.046961325967,0.993255714894,0.472222222222,0.085427135678,0.520108520431,0.011323603422
1,15896,1810,0.113865123301,0.325000000000,81,81,14005,1729,0.044751381215,0.994249609541,0.500000000000,0.082150101420,0.519500495378,0.010191243080
1,15896,1810,0.113865123301,0.330000000000,77,77,14009,1733,0.042541436464,0.994533579441,0.500000000000,0.078411405295,0.518537507952,0.009687971817
1,15896,1810,0.113865123301,0.335000000000,76,72,14014,1734,0.041988950276,0.994888541815,0.513513513514,0.077630234934,0.518438746045,0.009310518369
1,15896,1810,0.113865123301,0.340000000000,71,60,14026,1739,0.039226519337,0.995740451512,0.541984732824,0.073158165894,0.517483485425,0.008241066935
1,15896,1810,0.113865123301,0.345000000000,67,58,14028,1743,0.037016574586,0.995882436462,0.536000000000,0.069250645995,0.516449505524,0.007863613488
1,15896,1810,0.113865123301,0.350000000000,65,55,14031,1745,0.035911602210,0.996095413886,0.541666666667,0.067357512953,0.516003508048,0.007549068948
1,15896,1810,0.113865123301,0.355000000000,62,50,14036,1748,0.034254143646,0.996450376260,0.553571428571,0.064516129032,0.515352259953,0.007045797685
1,15896,1810,0.113865123301,0.360000000000,61,46,14040,1749,0.033701657459,0.996734346159,0.570093457944,0.063641105895,0.515218001809,0.006731253145
1,15896,1810,0.113865123301,0.365000000000,59,43,14043,1751,0.032596685083,0.996947323584,0.578431372549,0.061715481172,0.514772004333,0.006416708606
1,15896,1810,0.113865123301,0.370000000000,57,38,14048,1753,0.031491712707,0.997302285958,0.600000000000,0.059842519685,0.514396999332,0.005976346251
1,15896,1810,0.113865123301,0.375000000000,53,38,14048,1757,0.029281767956,0.997302285958,0.582417582418,0.055760126249,0.513292026957,0.005724710619
1,15896,1810,0.113865123301,0.380000000000,51,35,14051,1759,0.028176795580,0.997515263382,0.593023255814,0.053797468354,0.512846029481,0.005410166080
1,15896,1810,0.113865123301,0.385000000000,47,33,14053,1763,0.025966850829,0.997657248332,0.587500000000,0.049735449735,0.511812049580,0.005032712632
1,15896,1810,0.113865123301,0.390000000000,43,29,14057,1767,0.023756906077,0.997941218231,0.597222222222,0.045696068013,0.510849062154,0.004529441369
1,15896,1810,0.113865123301,0.395000000000,41,27,14059,1769,0.022651933702,0.998083203180,0.602941176471,0.043663471778,0.510367568441,0.004277805737
1,15896,1810,0.113865123301,0.400000000000,40,27,14059,1770,0.022099447514,0.998083203180,0.597014925373,0.042621204049,0.510091325347,0.004214896829
1,15896,1810,0.113865123301,0.405000000000,36,25,14061,1774,0.019889502762,0.998225188130,0.590163934426,0.038482095136,0.509057345446,0.003837443382
1,15896,1810,0.113865123301,0.410000000000,31,20,14066,1779,0.017127071823,0.998580150504,0.607843137255,0.033315421816,0.507853611164,0.003208354303
1,15896,1810,0.113865123301,0.415000000000,30,17,14069,1780,0.016574585635,0.998793127928,0.638297872340,0.032310177706,0.507683856782,0.002956718671
1,15896,1810,0.113865123301,0.420000000000,29,14,14072,1781,0.016022099448,0.999006105353,0.674418604651,0.031300593632,0.507514102400,0.002705083040
1,15896,1810,0.113865123301,0.425000000000,29,13,14073,1781,0.016022099448,0.999077097828,0.690476190476,0.031317494600,0.507549598638,0.002642174132
1,15896,1810,0.113865123301,0.430000000000,28,12,14074,1782,0.015469613260,0.999148090302,0.700000000000,0.030270270270,0.507308851781,0.002516356316
1,15896,1810,0.113865123301,0.435000000000,27,10,14076,1783,0.014917127072,0.999290075252,0.729729729730,0.029236599892,0.507103601162,0.002327629592
1,15896,1810,0.113865123301,0.440000000000,27,9,14077,1783,0.014917127072,0.999361067727,0.750000000000,0.029252437703,0.507139097399,0.002264720684
1,15896,1810,0.113865123301,0.445000000000,25,7,14079,1785,0.013812154696,0.999503052676,0.781250000000,0.027144408252,0.506657603686,0.002013085053
1,15896,1810,0.113865123301,0.450000000000,23,6,14080,1787,0.012707182320,0.999574045151,0.793103448276,0.025013594345,0.506140613736,0.001824358329
1,15896,1810,0.113865123301,0.455000000000,21,6,14080,1789,0.011602209945,0.999574045151,0.777777777778,0.022863364181,0.505588127548,0.001698540513
1,15896,1810,0.113865123301,0.460000000000,18,6,14080,1792,0.009944751381,0.999574045151,0.750000000000,0.019629225736,0.504759398266,0.001509813790
1,15896,1810,0.113865123301,0.465000000000,15,4,14082,1795,0.008287292818,0.999716030101,0.789473684211,0.016402405686,0.504001661459,0.001195269250
1,15896,1810,0.113865123301,0.470000000000,13,4,14082,1797,0.007182320442,0.999716030101,0.764705882353,0.014230979748,0.503449175271,0.001069451434
1,15896,1810,0.113865123301,0.475000000000,13,4,14082,1797,0.007182320442,0.999716030101,0.764705882353,0.014230979748,0.503449175271,0.001069451434
1,15896,1810,0.113865123301,0.480000000000,11,4,14082,1799,0.006077348066,0.999716030101,0.733333333333,0.012054794521,0.502896689084,0.000943633619
1,15896,1810,0.113865123301,0.485000000000,9,4,14082,1801,0.004972375691,0.999716030101,0.692307692308,0.009873834339,0.502344202896,0.000817815803
1,15896,1810,0.113865123301,0.490000000000,6,3,14083,1804,0.003314917127,0.999787022576,0.666666666667,0.006597031336,0.501550969851,0.000566180171
1,15896,1810,0.113865123301,0.495000000000,5,3,14083,1805,0.002762430939,0.999787022576,0.625000000000,0.005500550055,0.501274726757,0.000503271263
1,15896,1810,0.113865123301,0.500000000000,4,3,14083,1806,0.002209944751,0.999787022576,0.571428571429,0.004402861860,0.500998483663,0.000440362355
2,15894,1810,0.113879451365,0.010000000000,1810,14084,0,0,1.000000000000,0.000000000000,0.113879451365,0.204473565296,0.500000000000,1.000000000000
2,15894,1810,0.113879451365,0.015000000000,1810,14084,0,0,1.000000000000,0.000000000000,0.113879451365,0.204473565296,0.500000000000,1.000000000000
2,15894,1810,0.113879451365,0.020000000000,1810,14084,0,0,1.000000000000,0.000000000000,0.113879451365,0.204473565296,0.500000000000,1.000000000000
2,15894,1810,0.113879451365,0.025000000000,1810,14076,8,0,1.000000000000,0.000568020449,0.113936799698,0.204566003617,0.500284010224,0.999496665408
2,15894,1810,0.113879451365,0.030000000000,1810,14035,49,0,1.000000000000,0.003479125249,0.114231618807,0.205041064854,0.501739562624,0.996917075626
2,15894,1810,0.113879451365,0.035000000000,1807,13955,129,3,0.998342541436,0.009159329736,0.114642811826,0.205668108354,0.503750935586,0.991694979237
2,15894,1810,0.113879451365,0.040000000000,1802,13813,271,8,0.995580110497,0.019241692701,0.115401857189,0.206829268293,0.507410901599,0.982446206116
2,15894,1810,0.113879451365,0.045000000000,1795,13586,498,15,0.991712707182,0.035359272934,0.116702425070,0.208830201850,0.513535990058,0.967723669309
2,15894,1810,0.113879451365,0.050000000000,1788,13254,830,22,0.987845303867,0.058932121556,0.118867171919,0.212200332305,0.523388712712,0.946394865987
2,15894,1810,0.113879451365,0.055000000000,1758,12838,1246,52,0.971270718232,0.088469184891,0.120443957249,0.214311837133,0.529869951561,0.918333962502
2,15894,1810,0.113879451365,0.060000000000,1726,12347,1737,84,0.953591160221,0.123331439932,0.122646201947,0.217339293584,0.538461300076,0.885428463571
2,15894,1810,0.113879451365,0.065000000000,1698,11789,2295,112,0.938121546961,0.162950866231,0.125899013865,0.222004314571,0.550536206596,0.848559204731
2,15894,1810,0.113879451365,0.070000000000,1654,11168,2916,156,0.913812154696,0.207043453564,0.128997036344,0.226079825041,0.560427804130,0.806719516799
2,15894,1810,0.113879451365,0.075000000000,1602,10483,3601,208,0.885082872928,0.255680204487,0.132561026065,0.230586541922,0.570381538708,0.760349817541
2,15894,1810,0.113879451365,0.080000000000,1530,9753,4331,280,0.845303867403,0.307512070435,0.135602233449,0.233712670893,0.576407968919,0.709890524726
2,15894,1810,0.113879451365,0.085000000000,1474,8998,5086,336,0.814364640884,0.361119000284,0.140756302521,0.240026054389,0.587741820584,0.658864980496
2,15894,1810,0.113879451365,0.090000000000,1408,8221,5863,402,0.777900552486,0.416287986368,0.146224945477,0.246175364979,0.597094269427,0.605826097899
2,15894,1810,0.113879451365,0.095000000000,1322,7459,6625,488,0.730386740331,0.470391934110,0.150552328892,0.249645925786,0.600389337221,0.552472631182
2,15894,1810,0.113879451365,0.100000000000,1244,6801,7283,566,0.687292817680,0.517111616018,0.154630205096,0.252460679858,0.602202216849,0.506165848748
2,15894,1810,0.113879451365,0.105000000000,1155,6080,8004,655,0.638121546961,0.568304458961,0.159640635798,0.255389718076,0.603213002961,0.455203221341
2,15894,1810,0.113879451365,0.110000000000,1078,5427,8657,732,0.595580110497,0.614669128089,0.165718677940,0.259290438966,0.605124619293,0.409273939852
2,15894,1810,0.113879451365,0.115000000000,994,4830,9254,816,0.549171270718,0.657057654076,0.170673076923,0.260413937647,0.603114462397,0.366427582736
2,15894,1810,0.113879451365,0.120000000000,910,4299,9785,900,0.502762430939,0.694760011360,0.174697638702,0.259296196039,0.598761221150,0.327733736001
2,15894,1810,0.113879451365,0.125000000000,830,3806,10278,980,0.458563535912,0.729764271514,0.179033649698,0.257524045920,0.594163903713,0.291682395873
2,15894,1810,0.113879451365,0.130000000000,764,3403,10681,1046,0.422099447514,0.758378301619,0.183345332373,0.255646645474,0.590238874566,0.262174405436
2,15894,1810,0.113879451365,0.135000000000,718,3032,11052,1092,0.396685082873,0.784720249929,0.191466666667,0.258273381295,0.590702666401,0.235938089845
2,15894,1810,0.113879451365,0.140000000000,660,2687,11397,1150,0.364640883978,0.809216131781,0.197191514789,0.255962769052,0.586928507879,0.210582609790
2,15894,1810,0.113879451365,0.145000000000,615,2407,11677,1195,0.339779005525,0.829096847487,0.203507610854,0.254552980132,0.584437926506,0.190134642003
2,15894,1810,0.113879451365,0.150000000000,581,2164,11920,1229,0.320994475138,0.846350468617,0.211657559199,0.255104281010,0.583672471877,0.172706681767
2,15894,1810,0.113879451365,0.155000000000,542,1941,12143,1268,0.299447513812,0.862184038625,0.218284333468,0.252504076403,0.580815776219,0.156222473890
2,15894,1810,0.113879451365,0.160000000000,511,1747,12337,1299,0.282320441989,0.875958534507,0.226306465899,0.251229105211,0.579139488248,0.142066188499
2,15894,1810,0.113879451365,0.165000000000,472,1594,12490,1338,0.260773480663,0.886821925589,0.228460793804,0.243550051600,0.573797703126,0.129986158299
2,15894,1810,0.113879451365,0.170000000000,446,1447,12637,1364,0.246408839779,0.897259301335,0.235604860011,0.240885768296,0.571834070557,0.119101547754
2,15894,1810,0.113879451365,0.175000000000,423,1321,12763,1387,0.233701657459,0.906205623402,0.242545871560,0.238041643219,0.569953640431,0.109726940984
2,15894,1810,0.113879451365,0.180000000000,398,1197,12887,1412,0.219889502762,0.915009940358,0.249529780564,0.233773861968,0.567449721560,0.100352334214
2,15894,1810,0.113879451365,0.185000000000,370,1082,13002,1440,0.204419889503,0.923175234308,0.254820936639,0.226854690374,0.563797561906,0.091355228388
2,15894,1810,0.113879451365,0.190000000000,353,998,13086,1457,0.195027624309,0.929139449020,0.261287934863,0.223347042075,0.562083536665,0.085000629168
2,15894,1810,0.113879451365,0.195000000000,335,904,13180,1475,0.185082872928,0.935813689293,0.270379338176,0.219744178419,0.560448281110,0.077953944885
2,15894,1810,0.113879451365,0.200000000000,308,817,13267,1502,0.170165745856,0.941990911673,0.273777777778,0.209880749574,0.556078328765,0.070781426954
2,15894,1810,0.113879451365,0.205000000000,291,735,13349,1519,0.160773480663,0.947813121272,0.283625730994,0.205218617772,0.554293300968,0.064552661382
2,15894,1810,0.113879451365,0.210000000000,273,682,13402,1537,0.150828729282,0.951576256745,0.285863874346,0.197468354430,0.551202493014,0.060085566881
2,15894,1810,0.113879451365,0.215000000000,255,619,13465,1555,0.140883977901,0.956049417779,0.291762013730,0.190014903130,0.548466697840,0.054989304140
2,15894,1810,0.113879451365,0.220000000000,235,561,13523,1575,0.129834254144,0.960167566032,0.295226130653,0.180353031466,0.545000910088,0.050081791871
2,15894,1810,0.113879451365,0.225000000000,222,510,13574,1588,0.122651933702,0.963788696393,0.303278688525,0.174665617624,0.543220315047,0.046055115138
2,15894,1810,0.113879451365,0.230000000000,206,450,13634,1604,0.113812154696,0.968048849759,0.314024390244,0.167072181671,0.540930502227,0.041273436517
2,15894,1810,0.113879451365,0.235000000000,196,413,13671,1614,0.108287292818,0.970675944334,0.321839080460,0.162050434064,0.539481618576,0.038316345791
2,15894,1810,0.113879451365,0.240000000000,183,375,13709,1627,0.101104972376,0.973374041465,0.327956989247,0.154560810811,0.537239506921,0.035107587769
2,15894,1810,0.113879451365,0.245000000000,170,347,13737,1640,0.093922651934,0.975362113036,0.328820116054,0.146110872368,0.534642382485,0.032527997987
2,15894,1810,0.113879451365,0.250000000000,153,314,13770,1657,0.084530386740,0.977705197387,0.327623126338,0.134387351779,0.531117792064,0.029382156789
2,15894,1810,0.113879451365,0.255000000000,138,292,13792,1672,0.076243093923,0.979267253621,0.320930232558,0.123214285714,0.527755173772,0.027054234302
2,15894,1810,0.113879451365,0.260000000000,132,265,13819,1678,0.072928176796,0.981184322636,0.332493702771,0.119619392841,0.527056249716,0.024977979112
2,15894,1810,0.113879451365,0.265000000000,126,247,13837,1684,0.069613259669,0.982462368645,0.337801608579,0.115437471370,0.526037814157,0.023467975337
2,15894,1810,0.113879451365,0.270000000000,118,235,13849,1692,0.065193370166,0.983314399318,0.334277620397,0.109107720758,0.524253884742,0.022209638857
2,15894,1810,0.113879451365,0.275000000000,112,220,13864,1698,0.061878453039,0.984379437660,0.337349397590,0.104575163399,0.523128945349,0.020888385554
2,15894,1810,0.113879451365,0.280000000000,108,200,13884,1702,0.059668508287,0.985799488782,0.350649350649,0.101983002833,0.522733998534,0.019378381779
2,15894,1810,0.113879451365,0.285000000000,105,179,13905,1705,0.058011049724,0.987290542460,0.369718309859,0.100286532951,0.522650796092,0.017868378004
2,15894,1810,0.113879451365,0.290000000000,95,163,13921,1715,0.052486187845,0.988426583357,0.368217054264,0.091876208897,0.520456385601,0.016232540581
2,15894,1810,0.113879451365,0.295000000000,90,152,13932,1720,0.049723756906,0.989207611474,0.371900826446,0.087719298246,0.519465684190,0.015225871398
2,15894,1810,0.113879451365,0.300000000000,84,139,13945,1726,0.046408839779,0.990130644703,0.376681614350,0.082636497787,0.518269742241,0.014030451743
2,15894,1810,0.113879451365,0.305000000000,78,125,13959,1732,0.043093922652,0.991124680488,0.384236453202,0.077496274218,0.517109301570,0.012772115264
2,15894,1810,0.113879451365,0.310000000000,73,114,13970,1737,0.040331491713,0.991905708606,0.390374331551,0.073109664497,0.516118600159,0.011765446080
2,15894,1810,0.113879451365,0.315000000000,70,103,13981,1740,0.038674033149,0.992686736723,0.404624277457,0.070600100857,0.515680384936,0.010884610545
2,15894,1810,0.113879451365,0.320000000000,67,96,13988,1743,0.037016574586,0.993183754615,0.411042944785,0.067916877851,0.515100164600,0.010255442305
2,15894,1810,0.113879451365,0.325000000000,64,91,13993,1746,0.035359116022,0.993538767396,0.412903225806,0.065139949109,0.514448941709,0.009752107714
2,15894,1810,0.113879451365,0.330000000000,59,83,14001,1751,0.032596685083,0.994106787844,0.415492957746,0.060450819672,0.513351736464,0.008934189002
2,15894,1810,0.113879451365,0.335000000000,53,71,14013,1757,0.029281767956,0.994958818517,0.427419354839,0.054808686660,0.512120293237,0.007801686171
2,15894,1810,0.113879451365,0.340000000000,49,66,14018,1761,0.027071823204,0.995313831298,0.426086956522,0.050909090909,0.511192827251,0.007235434755
2,15894,1810,0.113879451365,0.345000000000,43,63,14021,1767,0.023756906077,0.995526838966,0.405660377358,0.044885177453,0.509641872522,0.006669183340
2,15894,1810,0.113879451365,0.350000000000,40,60,14024,1770,0.022099447514,0.995739846634,0.400000000000,0.041884816754,0.508919647074,0.006291682396
2,15894,1810,0.113879451365,0.355000000000,37,52,14032,1773,0.020441988950,0.996307867083,0.415730337079,0.038967877830,0.508374928017,0.005599597332
2,15894,1810,0.113879451365,0.360000000000,34,47,14037,1776,0.018784530387,0.996662879864,0.419753086420,0.035959809625,0.507723705125,0.005096262741
2,15894,1810,0.113879451365,0.365000000000,30,40,14044,1780,0.016574585635,0.997159897756,0.428571428571,0.031914893617,0.506867241696,0.004404177677
2,15894,1810,0.113879451365,0.370000000000,29,37,14047,1781,0.016022099448,0.997372905425,0.439393939394,0.030916844350,0.506697502436,0.004152510381
2,15894,1810,0.113879451365,0.375000000000,27,35,14049,1783,0.014917127072,0.997514910537,0.435483870968,0.028846153846,0.506216018804,0.003900843085
2,15894,1810,0.113879451365,0.380000000000,23,33,14051,1787,0.012707182320,0.997656915649,0.410714285714,0.024651661308,0.505182048985,0.003523342142
2,15894,1810,0.113879451365,0.385000000000,22,33,14051,1788,0.012154696133,0.997656915649,0.400000000000,0.023592493298,0.504905805891,0.003460425318
2,15894,1810,0.113879451365,0.390000000000,21,31,14053,1789,0.011602209945,0.997798920761,0.403846153846,0.022556390977,0.504700565353,0.003271674846
2,15894,1810,0.113879451365,0.395000000000,18,27,14057,1792,0.009944751381,0.998082930986,0.400000000000,0.019407008086,0.504013841183,0.002831257078
2,15894,1810,0.113879451365,0.400000000000,14,25,14059,1796,0.007734806630,0.998224936098,0.358974358974,0.015143320714,0.502979871364,0.002453756134
2,15894,1810,0.113879451365,0.405000000000,10,23,14061,1800,0.005524861878,0.998366941210,0.303030303030,0.010851871948,0.501945901544,0.002076255191
2,15894,1810,0.113879451365,0.410000000000,10,21,14063,1800,0.005524861878,0.998508946322,0.322580645161,0.010863661054,0.502016904100,0.001950421543
2,15894,1810,0.113879451365,0.415000000000,9,21,14063,1801,0.004972375691,0.998508946322,0.300000000000,0.009782608696,0.501740661006,0.001887504719
2,15894,1810,0.113879451365,0.420000000000,9,20,14064,1801,0.004972375691,0.998579948878,0.310344827586,0.009787928222,0.501776162284,0.001824587895
2,15894,1810,0.113879451365,0.425000000000,8,17,14067,1802,0.004419889503,0.998792956546,0.320000000000,0.008719346049,0.501606423025,0.001572920599
2,15894,1810,0.113879451365,0.430000000000,6,16,14068,1804,0.003314917127,0.998863959103,0.272727272727,0.006550218341,0.501089438115,0.001384170127
2,15894,1810,0.113879451365,0.435000000000,5,15,14069,1805,0.002762430939,0.998934961659,0.250000000000,0.005464480874,0.500848696299,0.001258336479
2,15894,1810,0.113879451365,0.440000000000,5,14,14070,1805,0.002762430939,0.999005964215,0.263157894737,0.005467468562,0.500884197577,0.001195419655
2,15894,1810,0.113879451365,0.445000000000,4,13,14071,1806,0.002209944751,0.999076966771,0.235294117647,0.004378762999,0.500643455761,0.001069586007
2,15894,1810,0.113879451365,0.450000000000,4,12,14072,1806,0.002209944751,0.999147969327,0.250000000000,0.004381161008,0.500678957039,0.001006669183
2,15894,1810,0.113879451365,0.455000000000,4,11,14073,1806,0.002209944751,0.999218971883,0.266666666667,0.004383561644,0.500714458317,0.000943752359
2,15894,1810,0.113879451365,0.460000000000,3,9,14075,1807,0.001657458564,0.999360976995,0.250000000000,0.003293084523,0.500509217779,0.000755001888
2,15894,1810,0.113879451365,0.465000000000,2,7,14077,1808,0.001104972376,0.999502982107,0.222222222222,0.002199010445,0.500303977242,0.000566251416
2,15894,1810,0.113879451365,0.470000000000,2,6,14078,1808,0.001104972376,0.999573984663,0.250000000000,0.002200220022,0.500339478520,0.000503334592
2,15894,1810,0.113879451365,0.475000000000,2,4,14080,1808,0.001104972376,0.999715989776,0.333333333333,0.002202643172,0.500410481076,0.000377500944
2,15894,1810,0.113879451365,0.480000000000,2,3,14081,1808,0.001104972376,0.999786992332,0.400000000000,0.002203856749,0.500445982354,0.000314584120
2,15894,1810,0.113879451365,0.485000000000,1,2,14082,1809,0.000552486188,0.999857994888,0.333333333333,0.001103143960,0.500205240538,0.000188750472
2,15894,1810,0.113879451365,0.490000000000,1,2,14082,1809,0.000552486188,0.999857994888,0.333333333333,0.001103143960,0.500205240538,0.000188750472
2,15894,1810,0.113879451365,0.495000000000,1,2,14082,1809,0.000552486188,0.999857994888,0.333333333333,0.001103143960,0.500205240538,0.000188750472
2,15894,1810,0.113879451365,0.500000000000,1,2,14082,1809,0.000552486188,0.999857994888,0.333333333333,0.001103143960,0.500205240538,0.000188750472
3,15895,1811,0.113935199748,0.010000000000,1811,14084,0,0,1.000000000000,0.000000000000,0.113935199748,0.204563424828,0.500000000000,1.000000000000
3,15895,1811,0.113935199748,0.015000000000,1811,14084,0,0,1.000000000000,0.000000000000,0.113935199748,0.204563424828,0.500000000000,1.000000000000
3,15895,1811,0.113935199748,0.020000000000,1811,14084,0,0,1.000000000000,0.000000000000,0.113935199748,0.204563424828,0.500000000000,1.000000000000
3,15895,1811,0.113935199748,0.025000000000,1810,14063,21,1,0.999447818885,0.001491053678,0.114030114030,0.204704817914,0.500469436281,0.998615916955
3,15895,1811,0.113935199748,0.030000000000,1809,14018,66,2,0.998895637769,0.004686168702,0.114298350919,0.205125297653,0.501790903236,0.995721925134
3,15895,1811,0.113935199748,0.035000000000,1803,13913,171,8,0.995582551077,0.012141437092,0.114723848307,0.205739715867,0.503861994084,0.988738597043
3,15895,1811,0.113935199748,0.040000000000,1798,13768,316,13,0.992821645500,0.022436807725,0.115508158808,0.206940208321,0.507629226612,0.979301667191
3,15895,1811,0.113935199748,0.045000000000,1792,13543,541,19,0.989508558807,0.038412382846,0.116856863384,0.209028344803,0.513960470827,0.964768795219
3,15895,1811,0.113935199748,0.050000000000,1781,13240,844,30,0.983434566538,0.059926157342,0.118567339059,0.211620722433,0.521680361940,0.945014155395
3,15895,1811,0.113935199748,0.055000000000,1759,12823,1261,52,0.971286581999,0.089534223232,0.120628171719,0.214603794302,0.530410402615,0.917395407361
3,15895,1811,0.113935199748,0.060000000000,1731,12328,1756,80,0.955825510768,0.124680488498,0.123123977523,0.218147448015,0.540252999633,0.884491978610
3,15895,1811,0.113935199748,0.065000000000,1687,11796,2288,124,0.931529541690,0.162453848339,0.125120522139,0.220609389303,0.546991695014,0.848254167977
3,15895,1811,0.113935199748,0.070000000000,1641,11231,2853,170,0.906129210381,0.202570292531,0.127486016159,0.223523803038,0.554349751456,0.809814407046
3,15895,1811,0.113935199748,0.075000000000,1585,10585,3499,226,0.875207067918,0.248437943766,0.130238290879,0.226736284958,0.561822505842,0.765649575338
3,15895,1811,0.113935199748,0.080000000000,1535,9870,4214,276,0.847598012148,0.299204771372,0.134590092065,0.232294188862,0.573401391760,0.717521233092
3,15895,1811,0.113935199748,0.085000000000,1473,9135,4949,338,0.813362782993,0.351391650099,0.138857466063,0.237217167244,0.582377216546,0.667379679144
3,15895,1811,0.113935199748,0.090000000000,1403,8411,5673,408,0.774710104914,0.402797500710,0.142959038109,0.241376344086,0.588753802812,0.617426863794
3,15895,1811,0.113935199748,0.095000000000,1325,7615,6469,486,0.731639977913,0.459315535359,0.148210290828,0.246488698726,0.595477756636,0.562441019188
3,15895,1811,0.113935199748,0.100000000000,1244,6864,7220,567,0.686913307565,0.512638454984,0.153428712383,0.250831737070,0.599775881275,0.510097514942
3,15895,1811,0.113935199748,0.105000000000,1160,6168,7916,651,0.640530093871,0.562056234024,0.158296943231,0.253857095962,0.601293163948,0.461025479711
3,15895,1811,0.113935199748,0.110000000000,1073,5465,8619,738,0.592490336830,0.611971030957,0.164117467115,0.257036770871,0.602230683894,0.411324315823
3,15895,1811,0.113935199748,0.115000000000,989,4798,9286,822,0.546107123136,0.659329735870,0.170900293762,0.260331666228,0.602718429503,0.364076753696
3,15895,1811,0.113935199748,0.120000000000,906,4203,9881,905,0.500276090558,0.701576256745,0.177334116265,0.261849710983,0.600926173651,0.321421830764
3,15895,1811,0.113935199748,0.125000000000,829,3721,10363,982,0.457758144671,0.735799488782,0.182197802198,0.260650841063,0.596778816727,0.286253538849
3,15895,1811,0.113935199748,0.130000000000,763,3273,10811,1048,0.421314191055,0.767608633911,0.189048562934,0.260988541132,0.594461412483,0.253916325889
3,15895,1811,0.113935199748,0.135000000000,700,2917,11167,1111,0.386526780784,0.792885543880,0.193530550180,0.257921886514,0.589706162332,0.227555835168
3,15895,1811,0.113935199748,0.140000000000,642,2592,11492,1169,0.354500276091,0.815961374609,0.198515769944,0.254509415263,0.585230825350,0.203460207612
3,15895,1811,0.113935199748,0.145000000000,599,2345,11739,1212,0.330756488128,0.833499005964,0.203464673913,0.251945320715,0.582127747046,0.185215476565
3,15895,1811,0.113935199748,0.150000000000,571,2144,11940,1240,0.315295416897,0.847770519739,0.210313075506,0.252319929297,0.581532968318,0.170808430324
3,15895,1811,0.113935199748,0.155000000000,537,1963,12121,1274,0.296521258973,0.860621982391,0.214800000000,0.249130132220,0.578571620682,0.157282164203
3,15895,1811,0.113935199748,0.160000000000,505,1808,12276,1306,0.278851463280,0.871627378586,0.218331171639,0.244907856450,0.575239420933,0.145517458320
3,15895,1811,0.113935199748,0.165000000000,467,1669,12415,1344,0.257868580895,0.881496733882,0.218632958801,0.236635419306,0.569682657388,0.134381881095
3,15895,1811,0.113935199748,0.170000000000,437,1548,12536,1374,0.241303147432,0.890088043170,0.220151133501,0.230242360379,0.565695595301,0.124882038377
3,15895,1811,0.113935199748,0.175000000000,412,1428,12656,1399,0.227498619547,0.898608349901,0.223913043478,0.225691591345,0.563053484724,0.115759672853
3,15895,1811,0.113935199748,0.180000000000,385,1341,12743,1426,0.212589729431,0.904785572281,0.223059096176,0.217698614645,0.558687650856,0.108587606165
3,15895,1811,0.113935199748,0.185000000000,366,1252,12832,1445,0.202098288239,0.911104799773,0.226205191595,0.213473315836,0.556601544006,0.101793016672
3,15895,1811,0.113935199748,0.190000000000,346,1145,12939,1465,0.191054665930,0.918702073275,0.232059020791,0.209569957601,0.554878369603,0.093803082730
3,15895,1811,0.113935199748,0.195000000000,320,1064,13020,1491,0.176697956930,0.924453280318,0.231213872832,0.200312989045,0.550575618624,0.087071406103
3,15895,1811,0.113935199748,0.200000000000,306,981,13103,1505,0.168967421314,0.930346492474,0.237762237762,0.197546804390,0.549656956894,0.080968858131
3,15895,1811,0.113935199748,0.205000000000,286,906,13178,1525,0.157923799006,0.935671684181,0.239932885906,0.190476190476,0.546797741593,0.074992135892
3,15895,1811,0.113935199748,0.210000000000,277,835,13249,1534,0.152954168967,0.940712865663,0.249100719424,0.189531303455,0.546833517315,0.069959106637
3,15895,1811,0.113935199748,0.215000000000,261,766,13318,1550,0.144119271121,0.945612042034,0.254138266796,0.183932346723,0.544865656577,0.064611513054
3,15895,1811,0.113935199748,0.220000000000,253,709,13375,1558,0.139701822198,0.949659187731,0.262993762994,0.182473855031,0.544680504964,0.060522176785
3,15895,1811,0.113935199748,0.225000000000,240,646,13438,1571,0.132523467697,0.954132348765,0.270880361174,0.177975528365,0.543327908231,0.055740798993
3,15895,1811,0.113935199748,0.230000000000,233,594,13490,1578,0.128658199890,0.957824481681,0.281741233374,0.176648976497,0.543241340785,0.052028939918
3,15895,1811,0.113935199748,0.235000000000,220,560,13524,1591,0.121479845389,0.960238568588,0.282051282051,0.169818602856,0.540859206989,0.049072035231
3,15895,1811,0.113935199748,0.240000000000,207,517,13567,1604,0.114301490889,0.963291678500,0.285911602210,0.163313609467,0.538796584695,0.045548914753
3,15895,1811,0.113935199748,0.245000000000,195,484,13600,1616,0.107675317504,0.965634762851,0.287187039764,0.156626506024,0.536655040178,0.042717835797
3,15895,1811,0.113935199748,0.250000000000,183,444,13640,1628,0.101049144119,0.968474865095,0.291866028708,0.150123051682,0.534762004607,0.039446366782
3,15895,1811,0.113935199748,0.255000000000,173,414,13670,1638,0.095527332965,0.970604941778,0.294718909710,0.144286905755,0.533066137372,0.036929852155
3,15895,1811,0.113935199748,0.260000000000,162,376,13708,1649,0.089453340696,0.973303038909,0.301115241636,0.137931034483,0.531378189803,0.033847121736
3,15895,1811,0.113935199748,0.265000000000,150,343,13741,1661,0.082827167311,0.975646123260,0.304259634888,0.130208333333,0.529236645286,0.031016042781
3,15895,1811,0.113935199748,0.270000000000,141,315,13769,1670,0.077857537272,0.977634194831,0.309210526316,0.124393471548,0.527745866052,0.028688266751
3,15895,1811,0.113935199748,0.275000000000,134,300,13784,1677,0.073992269464,0.978699233172,0.308755760369,0.119376391982,0.526345751318,0.027304183706
3,15895,1811,0.113935199748,0.280000000000,133,278,13806,1678,0.073440088349,0.980261289406,0.323600973236,0.119711971197,0.526850688878,0.025857187795
3,15895,1811,0.113935199748,0.285000000000,129,261,13823,1682,0.071231363887,0.981468332860,0.330769230769,0.117219445706,0.526349848374,0.024536017616
3,15895,1811,0.113935199748,0.290000000000,124,243,13841,1687,0.068470458310,0.982746378870,0.337874659401,0.113865932048,0.525608418590,0.023089021705
3,15895,1811,0.113935199748,0.295000000000,119,227,13857,1692,0.065709552733,0.983882419767,0.343930635838,0.110338433009,0.524795986250,0.021767851526
3,15895,1811,0.113935199748,0.300000000000,112,214,13870,1699,0.061844284925,0.984805452996,0.343558282209,0.104819840898,0.523324868961,0.020509594212
3,15895,1811,0.113935199748,0.305000000000,102,206,13878,1709,0.056322473771,0.985373473445,0.331168831169,0.096271826333,0.520847973608,0.019377162630
3,15895,1811,0.113935199748,0.310000000000,97,191,13893,1714,0.053561568194,0.986438511786,0.336805555556,0.092424964269,0.520000039990,0.018118905316
3,15895,1811,0.113935199748,0.315000000000,86,183,13901,1725,0.047487575925,0.987006532235,0.319702602230,0.082692307692,0.517247054080,0.016923560868
3,15895,1811,0.113935199748,0.320000000000,84,169,13915,1727,0.046383213694,0.988000568020,0.332015810277,0.081395348837,0.517191890857,0.015916955017
3,15895,1811,0.113935199748,0.325000000000,82,157,13927,1729,0.045278851463,0.988852598694,0.343096234310,0.080000000000,0.517065725078,0.015036174898
3,15895,1811,0.113935199748,0.330000000000,76,149,13935,1735,0.041965764771,0.989420619142,0.337777777778,0.074656188605,0.515693191957,0.014155394778
3,15895,1811,0.113935199748,0.335000000000,71,134,13950,1740,0.039204859194,0.990485657484,0.346341463415,0.070436507937,0.514845258339,0.012897137465
3,15895,1811,0.113935199748,0.340000000000,70,125,13959,1741,0.038652678078,0.991124680488,0.358974358974,0.069790628116,0.514888679283,0.012268008808
3,15895,1811,0.113935199748,0.345000000000,65,112,13972,1746,0.035891772501,0.992047713718,0.367231638418,0.065392354125,0.513969743110,0.011135577226
3,15895,1811,0.113935199748,0.350000000000,64,107,13977,1747,0.035339591386,0.992402726498,0.374269005848,0.064581231080,0.513871158942,0.010758100031
3,15895,1811,0.113935199748,0.355000000000,62,102,13982,1749,0.034235229155,0.992757739279,0.378048780488,0.062784810127,0.513496484217,0.010317709972
3,15895,1811,0.113935199748,0.360000000000,57,94,13990,1754,0.031474323578,0.993325759727,0.377483443709,0.058103975535,0.512400041653,0.009499842718
3,15895,1811,0.113935199748,0.365000000000,57,90,13994,1754,0.031474323578,0.993609769952,0.387755102041,0.058222676200,0.512542046765,0.009248191255
3,15895,1811,0.113935199748,0.370000000000,54,81,14003,1757,0.029817780232,0.994248792957,0.400000000000,0.055498458376,0.512033286594,0.008493236867
3,15895,1811,0.113935199748,0.375000000000,49,76,14008,1762,0.027056874655,0.994603805737,0.392000000000,0.050619834711,0.510830340196,0.007864108210
3,15895,1811,0.113935199748,0.380000000000,48,67,14017,1763,0.026504693539,0.995242828742,0.417391304348,0.049844236760,0.510873761141,0.007234979553
3,15895,1811,0.113935199748,0.385000000000,48,63,14021,1763,0.026504693539,0.995526838966,0.432432432432,0.049947970864,0.511015766253,0.006983328091
3,15895,1811,0.113935199748,0.390000000000,45,56,14028,1766,0.024848150193,0.996023856859,0.445544554455,0.047071129707,0.510436003526,0.006354199434
3,15895,1811,0.113935199748,0.395000000000,40,52,14032,1771,0.022087244616,0.996307867083,0.434782608696,0.042038885970,0.509197555850,0.005787983643
3,15895,1811,0.113935199748,0.400000000000,37,47,14037,1774,0.020430701270,0.996662879864,0.440476190476,0.039050131926,0.508546790567,0.005284680717
3,15895,1811,0.113935199748,0.405000000000,37,46,14038,1774,0.020430701270,0.996733882420,0.445783132530,0.039070749736,0.508582291845,0.005221767852
3,15895,1811,0.113935199748,0.410000000000,37,44,14040,1774,0.020430701270,0.996875887532,0.456790123457,0.039112050740,0.508653294401,0.005095942120
3,15895,1811,0.113935199748,0.415000000000,36,40,14044,1775,0.019878520155,0.997159897756,0.473684210526,0.038155802862,0.508519208955,0.004781377792
3,15895,1811,0.113935199748,0.420000000000,32,40,14044,1779,0.017669795693,0.997159897756,0.444444444444,0.033988316516,0.507414846725,0.004529726329
3,15895,1811,0.113935199748,0.425000000000,30,37,14047,1781,0.016565433462,0.997372905425,0.447761194030,0.031948881789,0.506969169443,0.004215162001
3,15895,1811,0.113935199748,0.430000000000,29,34,14050,1782,0.016013252347,0.997585913093,0.460317460317,0.030949839915,0.506799582720,0.003963510538
3,15895,1811,0.113935199748,0.435000000000,28,30,14054,1783,0.015461071231,0.997869923317,0.482758620690,0.029962546816,0.506665497274,0.003648946209
3,15895,1811,0.113935199748,0.440000000000,26,29,14055,1785,0.014356709001,0.997940925873,0.472727272727,0.027867095391,0.506148817437,0.003460207612
3,15895,1811,0.113935199748,0.445000000000,25,29,14055,1786,0.013804527885,0.997940925873,0.462962962963,0.026809651475,0.505872726879,0.003397294747
3,15895,1811,0.113935199748,0.450000000000,25,27,14057,1786,0.013804527885,0.998082930986,0.480769230769,0.026838432636,0.505943729435,0.003271469015
3,15895,1811,0.113935199748,0.455000000000,22,25,14059,1789,0.012147984539,0.998224936098,0.468085106383,0.023681377826,0.505186460318,0.002956904687
3,15895,1811,0.113935199748,0.460000000000,19,22,14062,1792,0.010491441193,0.998437943766,0.463414634146,0.020518358531,0.504464692479,0.002579427493
3,15895,1811,0.113935199748,0.465000000000,17,20,14064,1794,0.009387078962,0.998579948878,0.459459459459,0.018398268398,0.503983513920,0.002327776030
3,15895,1811,0.113935199748,0.470000000000,17,19,14065,1794,0.009387078962,0.998650951434,0.472222222222,0.018408229561,0.504019015198,0.002264863165
3,15895,1811,0.113935199748,0.475000000000,15,17,14067,1796,0.008282716731,0.998792956546,0.468750000000,0.016277807922,0.503537836639,0.002013211702
3,15895,1811,0.113935199748,0.480000000000,13,13,14071,1798,0.007178354500,0.999076966771,0.500000000000,0.014153511159,0.503127660636,0.001635734508
3,15895,1811,0.113935199748,0.485000000000,11,12,14072,1800,0.006073992269,0.999147969327,0.478260869565,0.011995637950,0.502610980798,0.001446995911
3,15895,1811,0.113935199748,0.490000000000,9,10,14074,1802,0.004969630039,0.999289974439,0.473684210526,0.009836065574,0.502129802239,0.001195344448
3,15895,1811,0.113935199748,0.495000000000,9,10,14074,1802,0.004969630039,0.999289974439,0.473684210526,0.009836065574,0.502129802239,0.001195344448
3,15895,1811,0.113935199748,0.500000000000,8,10,14074,1803,0.004417448923,0.999289974439,0.444444444444,0.008747949699,0.501853711681,0.001132431582
4,15894,1810,0.113879451365,0.010000000000,1810,14084,0,0,1.000000000000,0.000000000000,0.113879451365,0.204473565296,0.500000000000,1.000000000000
4,15894,1810,0.113879451365,0.015000000000,1810,14084,0,0,1.000000000000,0.000000000000,0.113879451365,0.204473565296,0.500000000000,1.000000000000
4,15894,1810,0.113879451365,0.020000000000,1810,14079,5,0,1.000000000000,0.000355012780,0.113915287306,0.204531329454,0.500177506390,0.999685415880
4,15894,1810,0.113879451365,0.025000000000,1809,14065,19,1,0.999447513812,0.001349048566,0.113959934484,0.204591721330,0.500398281189,0.998741663521
4,15894,1810,0.113879451365,0.030000000000,1809,14034,50,1,0.999447513812,0.003550127805,0.114182919902,0.204950999830,0.501498820808,0.996791241978
4,15894,1810,0.113879451365,0.035000000000,1807,13950,134,3,0.998342541436,0.009514342516,0.114679190201,0.205726646553,0.503928441976,0.991380395118
4,15894,1810,0.113879451365,0.040000000000,1804,13789,295,6,0.996685082873,0.020945754047,0.115692939139,0.207320576912,0.508815418460,0.981062035988
4,15894,1810,0.113879451365,0.045000000000,1797,13554,530,13,0.992817679558,0.037631354729,0.117060777799,0.209428354991,0.515224517143,0.965836164590
4,15894,1810,0.113879451365,0.050000000000,1775,13231,853,35,0.980662983425,0.060565180346,0.118286018926,0.211108468126,0.520614081886,0.944129860325
4,15894,1810,0.113879451365,0.055000000000,1759,12840,1244,51,0.971823204420,0.088327179778,0.120487704637,0.214394539582,0.530075192099,0.918522712973
4,15894,1810,0.113879451365,0.060000000000,1730,12339,1745,80,0.955801104972,0.123899460381,0.122965384889,0.217897852510,0.539850282676,0.885176796275
4,15894,1810,0.113879451365,0.065000000000,1697,11773,2311,113,0.937569060773,0.164086907129,0.125983667409,0.222120418848,0.550827983951,0.847489618724
4,15894,1810,0.113879451365,0.070000000000,1644,11121,2963,166,0.908287292818,0.210380573701,0.128789659224,0.225591766724,0.559333933259,0.803133257833
4,15894,1810,0.113879451365,0.075000000000,1601,10441,3643,209,0.884530386740,0.258662311843,0.132951336987,0.231157955530,0.571596349292,0.757644394111
4,15894,1810,0.113879451365,0.080000000000,1540,9740,4344,270,0.850828729282,0.308435103664,0.136524822695,0.235294117647,0.579631916473,0.709701774254
4,15894,1810,0.113879451365,0.085000000000,1474,8983,5101,336,0.814364640884,0.362184038625,0.140958209812,0.240319556534,0.588274339755,0.657921228136
4,15894,1810,0.113879451365,0.090000000000,1386,8275,5809,424,0.765745856354,0.412453848339,0.143463409585,0.241652863743,0.589099852346,0.607839436265
4,15894,1810,0.113879451365,0.095000000000,1318,7552,6532,492,0.728176795580,0.463788696393,0.148590755355,0.246816479401,0.595982745987,0.558072228514
4,15894,1810,0.113879451365,0.100000000000,1229,6801,7283,581,0.679005524862,0.517111616018,0.153051058531,0.249796747967,0.598058570440,0.505222096389
4,15894,1810,0.113879451365,0.105000000000,1154,6093,7991,656,0.637569060773,0.567381425731,0.159238305506,0.254830517832,0.602475243252,0.455958223229
4,15894,1810,0.113879451365,0.110000000000,1078,5442,8642,732,0.595580110497,0.613604089747,0.165337423313,0.258823529412,0.604592100122,0.410217692211
4,15894,1810,0.113879451365,0.115000000000,987,4835,9249,823,0.545303867403,0.656702641295,0.169529371350,0.258647798742,0.601003254349,0.366301749088
4,15894,1810,0.113879451365,0.120000000000,918,4309,9775,892,0.507182320442,0.694049985799,0.175626554429,0.260906636351,0.600616153121,0.328866238832
4,15894,1810,0.113879451365,0.125000000000,851,3772,10312,959,0.470165745856,0.732178358421,0.184079601990,0.264573293953,0.601172052139,0.290864477161
4,15894,1810,0.113879451365,0.130000000000,790,3305,10779,1020,0.436464088398,0.765336552116,0.192918192918,0.267569856054,0.600900320257,0.257644394111
4,15894,1810,0.113879451365,0.135000000000,726,2926,11158,1084,0.401104972376,0.792246520875,0.198795180723,0.265836689857,0.596675746625,0.229772241097
4,15894,1810,0.113879451365,0.140000000000,685,2646,11438,1125,0.378453038674,0.812127236581,0.205643950766,0.266485119627,0.595290137627,0.209575940607
4,15894,1810,0.113879451365,0.145000000000,645,2402,11682,1165,0.356353591160,0.829451860267,0.211683623236,0.265596046943,0.592902725714,0.191707562602
4,15894,1810,0.113879451365,0.150000000000,600,2182,11902,1210,0.331491712707,0.845072422607,0.215672178289,0.261324041812,0.588282067657,0.175034604253
4,15894,1810,0.113879451365,0.155000000000,573,2016,12068,1237,0.316574585635,0.856858846918,0.221320973349,0.260513753126,0.586716716277,0.162891657229
4,15894,1810,0.113879451365,0.160000000000,542,1838,12246,1268,0.299447513812,0.869497301903,0.227731092437,0.258711217184,0.584472407858,0.149742041022
4,15894,1810,0.113879451365,0.165000000000,523,1689,12395,1287,0.288950276243,0.880076682761,0.236437613020,0.260069617106,0.584513479502,0.139172014597
4,15894,1810,0.113879451365,0.170000000000,491,1560,12524,1319,0.271270718232,0.889236012496,0.239395416870,0.254338254338,0.580253365364,0.129042405939
4,15894,1810,0.113879451365,0.175000000000,476,1437,12647,1334,0.262983425414,0.897969326896,0.248823836905,0.255707762557,0.580476376155,0.120359884233
4,15894,1810,0.113879451365,0.180000000000,447,1306,12778,1363,0.246961325967,0.907270661744,0.254991443240,0.250912152680,0.577115993855,0.110293192400
4,15894,1810,0.113879451365,0.185000000000,423,1209,12875,1387,0.233701657459,0.914157909685,0.259191176471,0.245787332946,0.573929783572,0.102680256701
4,15894,1810,0.113879451365,0.190000000000,398,1121,12963,1412,0.219889502762,0.920406134621,0.262014483213,0.239110844097,0.570147818692,0.095570655593
4,15894,1810,0.113879451365,0.195000000000,365,1004,13080,1445,0.201657458564,0.928713433684,0.266617969321,0.229631959736,0.565185446124,0.086133131999
4,15894,1810,0.113879451365,0.200000000000,342,938,13146,1468,0.188950276243,0.933399602386,0.267187500000,0.221359223301,0.561174939314,0.080533534667
4,15894,1810,0.113879451365,0.205000000000,327,857,13227,1483,0.180662983425,0.939150809429,0.276182432432,0.218436873747,0.559906896427,0.074493519567
4,15894,1810,0.113879451365,0.210000000000,305,780,13304,1505,0.168508287293,0.944618006248,0.281105990783,0.210708117444,0.556563146771,0.068264753995
4,15894,1810,0.113879451365,0.215000000000,288,737,13347,1522,0.159116022099,0.947671116160,0.280975609756,0.203174603175,0.553393569130,0.064489744558
4,15894,1810,0.113879451365,0.220000000000,272,665,13419,1538,0.150276243094,0.952783300199,0.290288153682,0.198034219148,0.551529771646,0.058953064049
4,15894,1810,0.113879451365,0.225000000000,257,609,13475,1553,0.141988950276,0.956759443340,0.296766743649,0.192077727952,0.549374196808,0.054485969548
4,15894,1810,0.113879451365,0.230000000000,243,564,13520,1567,0.134254143646,0.959954558364,0.301115241636,0.185708826901,0.547104351005,0.050773876935
4,15894,1810,0.113879451365,0.235000000000,232,499,13585,1578,0.128176795580,0.964569724510,0.317373461012,0.182605273514,0.546373260045,0.045992198314
4,15894,1810,0.113879451365,0.240000000000,217,465,13619,1593,0.119889502762,0.966983811417,0.318181818182,0.174157303371,0.543436657090,0.042909273940
4,15894,1810,0.113879451365,0.245000000000,207,422,13662,1603,0.114364640884,0.970036921329,0.329093799682,0.169741697417,0.542200781107,0.039574682270
4,15894,1810,0.113879451365,0.250000000000,199,389,13695,1611,0.109944751381,0.972380005680,0.338435374150,0.165971643036,0.541162378531,0.036995092488
4,15894,1810,0.113879451365,0.255000000000,188,356,13728,1622,0.103867403315,0.974723090031,0.345588235294,0.159728122345,0.539295246673,0.034226752234
4,15894,1810,0.113879451365,0.260000000000,178,334,13750,1632,0.098342541436,0.976285146265,0.347656250000,0.153316106804,0.537313843851,0.032213413867
4,15894,1810,0.113879451365,0.265000000000,166,310,13774,1644,0.091712707182,0.977989207611,0.348739495798,0.145231846019,0.534850957397,0.029948408204
4,15894,1810,0.113879451365,0.270000000000,159,294,13790,1651,0.087845303867,0.979125248509,0.350993377483,0.140521431728,0.533485276188,0.028501321253
4,15894,1810,0.113879451365,0.275000000000,152,276,13808,1658,0.083977900552,0.980403294519,0.355140186916,0.135835567471,0.532190597536,0.026928400654
4,15894,1810,0.113879451365,0.280000000000,145,258,13826,1665,0.080110497238,0.981681340528,0.359801488834,0.131043831902,0.530895918883,0.025355480055
4,15894,1810,0.113879451365,0.285000000000,137,241,13843,1673,0.075690607735,0.982888383982,0.362433862434,0.125228519196,0.529289495858,0.023782559456
4,15894,1810,0.113879451365,0.290000000000,126,220,13864,1684,0.069613259669,0.984379437660,0.364161849711,0.116883116883,0.526996348664,0.021769221090
4,15894,1810,0.113879451365,0.295000000000,118,200,13884,1692,0.065193370166,0.985799488782,0.371069182390,0.110902255639,0.525496429474,0.020007550019
4,15894,1810,0.113879451365,0.300000000000,115,189,13895,1695,0.063535911602,0.986580516899,0.378289473684,0.108798486282,0.525058214250,0.019126714483
4,15894,1810,0.113879451365,0.305000000000,107,180,13904,1703,0.059116022099,0.987219539903,0.372822299652,0.102050548402,0.523167781001,0.018057128476
4,15894,1810,0.113879451365,0.310000000000,101,175,13909,1709,0.055801104972,0.987574552684,0.365942028986,0.096836049856,0.521687828828,0.017365043413
4,15894,1810,0.113879451365,0.315000000000,98,162,13922,1712,0.054143646409,0.988497585913,0.376923076923,0.094685990338,0.521320616161,0.016358374229
4,15894,1810,0.113879451365,0.320000000000,96,151,13933,1714,0.053038674033,0.989278614030,0.388663967611,0.093339815265,0.521158644032,0.015540455518
4,15894,1810,0.113879451365,0.325000000000,88,138,13946,1722,0.048618784530,0.990201647259,0.389380530973,0.086444007859,0.519410215895,0.014219202215
4,15894,1810,0.113879451365,0.330000000000,82,130,13954,1728,0.045303867403,0.990769667708,0.386792452830,0.081107814045,0.518036767556,0.013338366679
4,15894,1810,0.113879451365,0.335000000000,79,119,13965,1731,0.043646408840,0.991550695825,0.398989898990,0.078685258964,0.517598552332,0.012457531144
4,15894,1810,0.113879451365,0.340000000000,75,110,13974,1735,0.041436464088,0.992189718830,0.405405405405,0.075187969925,0.516813091459,0.011639612432
4,15894,1810,0.113879451365,0.345000000000,72,105,13979,1738,0.039779005525,0.992544731610,0.406779661017,0.072471061902,0.516161868568,0.011136277841
4,15894,1810,0.113879451365,0.350000000000,70,96,13988,1740,0.038674033149,0.993183754615,0.421686746988,0.070850202429,0.515928893882,0.010444192777
4,15894,1810,0.113879451365,0.355000000000,67,92,13992,1743,0.037016574586,0.993467764840,0.421383647799,0.068054850178,0.515242169713,0.010003775009
4,15894,1810,0.113879451365,0.360000000000,61,88,13996,1749,0.033701657459,0.993751775064,0.409395973154,0.062276671771,0.513726716261,0.009374606770
4,15894,1810,0.113879451365,0.365000000000,61,83,14001,1749,0.033701657459,0.994106787844,0.423611111111,0.062436028659,0.513904222651,0.009060022650
4,15894,1810,0.113879451365,0.370000000000,60,76,14008,1750,0.033149171271,0.994603805737,0.441176470588,0.061664953751,0.513876488504,0.008556688058
4,15894,1810,0.113879451365,0.375000000000,58,73,14011,1752,0.032044198895,0.994816813405,0.442748091603,0.059763008758,0.513430506150,0.008242103939
4,15894,1810,0.113879451365,0.380000000000,54,72,14012,1756,0.029834254144,0.994887815961,0.428571428571,0.055785123967,0.512361035053,0.007927519819
4,15894,1810,0.113879451365,0.385000000000,54,72,14012,1756,0.029834254144,0.994887815961,0.428571428571,0.055785123967,0.512361035053,0.007927519819
4,15894,1810,0.113879451365,0.390000000000,52,69,14015,1758,0.028729281768,0.995100823630,0.429752066116,0.053858104609,0.511915052699,0.007612935699
4,15894,1810,0.113879451365,0.395000000000,51,64,14020,1759,0.028176795580,0.995455836410,0.443478260870,0.052987012987,0.511816315995,0.007235434755
4,15894,1810,0.113879451365,0.400000000000,49,62,14022,1761,0.027071823204,0.995597841522,0.441441441441,0.051015096304,0.511334832363,0.006983767459
4,15894,1810,0.113879451365,0.405000000000,47,58,14026,1763,0.025966850829,0.995881851747,0.447619047619,0.049086161880,0.510924351288,0.006606266516
4,15894,1810,0.113879451365,0.410000000000,44,53,14031,1766,0.024309392265,0.996236864527,0.453608247423,0.046145778710,0.510273128396,0.006102931924
4,15894,1810,0.113879451365,0.415000000000,43,50,14034,1767,0.023756906077,0.996449872195,0.462365591398,0.045191802417,0.510103389136,0.005851264628
4,15894,1810,0.113879451365,0.420000000000,42,50,14034,1768,0.023204419890,0.996449872195,0.456521739130,0.044164037855,0.509827146042,0.005788347804
4,15894,1810,0.113879451365,0.425000000000,40,49,14035,1770,0.022099447514,0.996520874751,0.449438202247,0.042127435492,0.509310161133,0.005599597332
4,15894,1810,0.113879451365,0.430000000000,39,46,14038,1771,0.021546961326,0.996733882420,0.458823529412,0.041160949868,0.509140421873,0.005347930036
4,15894,1810,0.113879451365,0.435000000000,38,45,14039,1772,0.020994475138,0.996804884976,0.457831325301,0.040147913365,0.508899680057,0.005222096389
4,15894,1810,0.113879451365,0.440000000000,37,43,14041,1773,0.020441988950,0.996946890088,0.462500000000,0.039153439153,0.508694439519,0.005033345917
4,15894,1810,0.113879451365,0.445000000000,36,40,14044,1774,0.019889502762,0.997159897756,0.473684210526,0.038176033934,0.508524700259,0.004781678621
4,15894,1810,0.113879451365,0.450000000000,34,38,14046,1776,0.018784530387,0.997301902869,0.472222222222,0.036131774708,0.508043216628,0.004530011325
4,15894,1810,0.113879451365,0.455000000000,33,34,14050,1777,0.018232044199,0.997585913093,0.492537313433,0.035162493340,0.507908978646,0.004215427205
4,15894,1810,0.113879451365,0.460000000000,32,31,14053,1778,0.017679558011,0.997798920761,0.507936507937,0.034169781100,0.507739239386,0.003963759909
4,15894,1810,0.113879451365,0.465000000000,29,27,14057,1781,0.016022099448,0.998082930986,0.517857142857,0.031082529475,0.507052515217,0.003523342142
4,15894,1810,0.113879451365,0.470000000000,28,26,14058,1782,0.015469613260,0.998153933542,0.518518518519,0.030042918455,0.506811773401,0.003397508494
4,15894,1810,0.113879451365,0.475000000000,26,26,14058,1784,0.014364640884,0.998153933542,0.500000000000,0.027926960258,0.506259287213,0.003271674846
4,15894,1810,0.113879451365,0.480000000000,25,24,14060,1785,0.013812154696,0.998295938654,0.510204081633,0.026896180742,0.506054046675,0.003082924374
4,15894,1810,0.113879451365,0.485000000000,23,23,14061,1787,0.012707182320,0.998366941210,0.500000000000,0.024784482759,0.505537061765,0.002894173902
4,15894,1810,0.113879451365,0.490000000000,21,23,14061,1789,0.011602209945,0.998366941210,0.477272727273,0.022653721683,0.504984575577,0.002768340254
4,15894,1810,0.113879451365,0.495000000000,21,23,14061,1789,0.011602209945,0.998366941210,0.477272727273,0.022653721683,0.504984575577,0.002768340254
4,15894,1810,0.113879451365,0.500000000000,19,21,14063,1791,0.010497237569,0.998508946322,0.475000000000,0.020540540541,0.504503091946,0.002516672958
5,15894,1810,0.113879451365,0.010000000000,1810,14084,0,0,1.000000000000,0.000000000000,0.113879451365,0.204473565296,0.500000000000,1.000000000000
5,15894,1810,0.113879451365,0.015000000000,1810,14084,0,0,1.000000000000,0.000000000000,0.113879451365,0.204473565296,0.500000000000,1.000000000000
5,15894,1810,0.113879451365,0.020000000000,1810,14083,1,0,1.000000000000,0.000071002556,0.113886616750,0.204485115517,0.500035501278,0.999937083176
5,15894,1810,0.113879451365,0.025000000000,1810,14067,17,0,1.000000000000,0.001207043454,0.114001385652,0.204670096681,0.500603521727,0.998930413993
5,15894,1810,0.113879451365,0.030000000000,1810,14039,45,0,1.000000000000,0.003195115024,0.114202788819,0.204994620307,0.501597557512,0.997168742922
5,15894,1810,0.113879451365,0.035000000000,1810,13970,114,0,1.000000000000,0.008094291394,0.114702154626,0.205798749289,0.504047145697,0.992827482069
5,15894,1810,0.113879451365,0.040000000000,1809,13844,240,1,0.999447513812,0.017040613462,0.115568900530,0.207180896753,0.508244063637,0.984837045426
5,15894,1810,0.113879451365,0.045000000000,1800,13662,422,10,0.994475138122,0.029963078671,0.116414435390,0.208429828624,0.512219108396,0.972819932050
5,15894,1810,0.113879451365,0.050000000000,1788,13386,698,22,0.987845303867,0.049559784152,0.117833135627,0.210551106924,0.518702544010,0.954699886750
5,15894,1810,0.113879451365,0.055000000000,1771,13048,1036,39,0.978453038674,0.073558648111,0.119508738781,0.213001383126,0.526005843393,0.932364414244
5,15894,1810,0.113879451365,0.060000000000,1746,12672,1412,64,0.964640883978,0.100255609202,0.121098626717,0.215183633227,0.532448246590,0.907134767837
5,15894,1810,0.113879451365,0.065000000000,1724,12146,1938,86,0.952486187845,0.137602953706,0.124297043980,0.219897959184,0.545044570776,0.872656348308
5,15894,1810,0.113879451365,0.070000000000,1683,11555,2529,127,0.929834254144,0.179565464357,0.127134008158,0.223684210526,0.554699859250,0.832892915566
5,15894,1810,0.113879451365,0.075000000000,1645,10858,3226,165,0.908839779006,0.229054245953,0.131568423578,0.229860965556,0.568947012479,0.786649049956
5,15894,1810,0.113879451365,0.080000000000,1595,10180,3904,215,0.881215469613,0.277193978983,0.135456475584,0.234817813765,0.579204724298,0.740845602114
5,15894,1810,0.113879451365,0.085000000000,1529,9430,4654,281,0.844751381215,0.330445896052,0.139520029200,0.239486255776,0.587598638634,0.689505473764
5,15894,1810,0.113879451365,0.090000000000,1465,8624,5460,345,0.809392265193,0.387673956262,0.145207651898,0.246239179763,0.598533110728,0.634767836920
5,15894,1810,0.113879451365,0.095000000000,1386,7854,6230,424,0.765745856354,0.442345924453,0.150000000000,0.250859728507,0.604045890403,0.581351453379
5,15894,1810,0.113879451365,0.100000000000,1305,7052,7032,505,0.720994475138,0.499289974439,0.156156515496,0.256712894659,0.610142224789,0.525795897823
5,15894,1810,0.113879451365,0.105000000000,1221,6249,7835,589,0.674585635359,0.556305026981,0.163453815261,0.263146551724,0.615445331170,0.469988674972
5,15894,1810,0.113879451365,0.110000000000,1141,5532,8552,669,0.630386740331,0.607213859699,0.170987561816,0.269008605446,0.618800300015,0.419843966277
5,15894,1810,0.113879451365,0.115000000000,1035,4830,9254,775,0.571823204420,0.657057654076,0.176470588235,0.269706840391,0.614440429248,0.369007172518
5,15894,1810,0.113879451365,0.120000000000,951,4223,9861,859,0.525414364641,0.700156205623,0.183803633552,0.272336769759,0.612785285132,0.325531647162
5,15894,1810,0.113879451365,0.125000000000,864,3685,10399,946,0.477348066298,0.738355580801,0.189931853155,0.271740839755,0.607851823550,0.286208632188
5,15894,1810,0.113879451365,0.130000000000,806,3261,10823,1004,0.445303867403,0.768460664584,0.198180477010,0.274289603539,0.606882265994,0.255882723040
5,15894,1810,0.113879451365,0.135000000000,753,2927,11157,1057,0.416022099448,0.792175518319,0.204619565217,0.274316939891,0.604098808883,0.231533912168
5,15894,1810,0.113879451365,0.140000000000,690,2624,11460,1120,0.381215469613,0.813689292815,0.208207604104,0.269320843091,0.597452381214,0.208506354599
5,15894,1810,0.113879451365,0.145000000000,651,2392,11692,1159,0.359668508287,0.830161885828,0.213933618140,0.268287657119,0.594915197058,0.191455895306
5,15894,1810,0.113879451365,0.150000000000,609,2172,11912,1201,0.336464088398,0.845782448168,0.218985976268,0.265301677195,0.591123268283,0.174971687429
5,15894,1810,0.113879451365,0.155000000000,579,1998,12086,1231,0.319889502762,0.858136892928,0.224679860303,0.263961705038,0.589013197845,0.162136655342
5,15894,1810,0.113879451365,0.160000000000,550,1871,12213,1260,0.303867403315,0.867154217552,0.227178851714,0.259985818955,0.585510810433,0.152321630804
5,15894,1810,0.113879451365,0.165000000000,527,1759,12325,1283,0.291160220994,0.875106503834,0.230533683290,0.257324218750,0.583133362414,0.143827859570
5,15894,1810,0.113879451365,0.170000000000,504,1649,12435,1306,0.278453038674,0.882916785004,0.234091964700,0.254352763058,0.580684911839,0.135459921983
5,15894,1810,0.113879451365,0.175000000000,482,1553,12531,1328,0.266298342541,0.889733030389,0.236855036855,0.250715214564,0.578015686465,0.128035736756
5,15894,1810,0.113879451365,0.180000000000,465,1446,12638,1345,0.256906077348,0.897330303891,0.243328100471,0.249932813760,0.577118190620,0.120234050585
5,15894,1810,0.113879451365,0.185000000000,441,1354,12730,1369,0.243646408840,0.903862539051,0.245682451253,0.244660194175,0.573754473946,0.112935699006
5,15894,1810,0.113879451365,0.190000000000,430,1253,12831,1380,0.237569060773,0.911033797217,0.255496137849,0.246206699113,0.574301428995,0.105889014723
5,15894,1810,0.113879451365,0.195000000000,405,1156,12928,1405,0.223756906077,0.917921045158,0.259449071108,0.240284781964,0.570838975617,0.098213162200
5,15894,1810,0.113879451365,0.200000000000,382,1067,13017,1428,0.211049723757,0.924240272650,0.263630089717,0.234427738570,0.567644998203,0.091166477916
5,15894,1810,0.113879451365,0.205000000000,361,974,13110,1449,0.199447513812,0.930843510366,0.270411985019,0.229570747218,0.565145512089,0.083993959985
5,15894,1810,0.113879451365,0.210000000000,337,889,13195,1473,0.186187845304,0.936878727634,0.274877650897,0.222002635046,0.561533286469,0.077136026173
5,15894,1810,0.113879451365,0.215000000000,313,821,13263,1497,0.172928176796,0.941706901448,0.276014109347,0.212635869565,0.557317539122,0.071347678369
5,15894,1810,0.113879451365,0.220000000000,302,751,13333,1508,0.166850828729,0.946677080375,0.286799620133,0.210967516591,0.556763954552,0.066251415629
5,15894,1810,0.113879451365,0.225000000000,289,686,13398,1521,0.159668508287,0.951292246521,0.296410256410,0.207540394973,0.555480377404,0.061343903360
5,15894,1810,0.113879451365,0.230000000000,272,615,13469,1538,0.150276243094,0.956333428003,0.306651634724,0.201705598813,0.553304835549,0.055807222851
5,15894,1810,0.113879451365,0.235000000000,260,565,13519,1550,0.143646408840,0.959883555808,0.315151515152,0.197343453510,0.551764982324,0.051906379766
5,15894,1810,0.113879451365,0.240000000000,247,518,13566,1563,0.136464088398,0.963220675944,0.322875816993,0.191844660194,0.549842382171,0.048131370328
5,15894,1810,0.113879451365,0.245000000000,237,476,13608,1573,0.130939226519,0.966202783300,0.332398316971,0.187871581451,0.548571004910,0.044859695483
5,15894,1810,0.113879451365,0.250000000000,230,448,13636,1580,0.127071823204,0.968190854871,0.339233038348,0.184887459807,0.547631339038,0.042657606644
5,15894,1810,0.113879451365,0.255000000000,223,416,13668,1587,0.123204419890,0.970462936666,0.348982785603,0.182115149040,0.546833678278,0.040203850510
5,15894,1810,0.113879451365,0.260000000000,209,385,13699,1601,0.115469613260,0.972664015905,0.351851851852,0.173876871880,0.544066814582,0.037372593431
5,15894,1810,0.113879451365,0.265000000000,203,350,13734,1607,0.112154696133,0.975149105368,0.367088607595,0.171815488785,0.543651900750,0.034793003649
5,15894,1810,0.113879451365,0.270000000000,196,312,13772,1614,0.108287292818,0.977847202499,0.385826771654,0.169111302847,0.543067247658,0.031961746571
5,15894,1810,0.113879451365,0.275000000000,189,289,13795,1621,0.104419889503,0.979480261289,0.395397489540,0.165209790210,0.541950075396,0.030074241852
5,15894,1810,0.113879451365,0.280000000000,180,273,13811,1630,0.099447513812,0.980616302187,0.397350993377,0.159080866107,0.540031908000,0.028501321253
5,15894,1810,0.113879451365,0.285000000000,174,256,13828,1636,0.096132596685,0.981823345640,0.404651162791,0.155357142857,0.538977971163,0.027054234302
5,15894,1810,0.113879451365,0.290000000000,166,237,13847,1644,0.091712707182,0.983172394206,0.411910669975,0.150022593764,0.537442550694,0.025355480055
5,15894,1810,0.113879451365,0.295000000000,159,224,13860,1651,0.087845303867,0.984095427435,0.415143603133,0.145006839945,0.535970365651,0.024097143576
5,15894,1810,0.113879451365,0.300000000000,153,215,13869,1657,0.084530386740,0.984734450440,0.415760869565,0.140495867769,0.534632418590,0.023153391217
5,15894,1810,0.113879451365,0.305000000000,142,195,13889,1668,0.078453038674,0.986154501562,0.421364985163,0.132277596646,0.532303770118,0.021202969674
5,15894,1810,0.113879451365,0.310000000000,135,177,13907,1675,0.074585635359,0.987432547572,0.432692307692,0.127238454288,0.531009091465,0.019630049075
5,15894,1810,0.113879451365,0.315000000000,132,167,13917,1678,0.072928176796,0.988142573133,0.441471571906,0.125177809388,0.530535374964,0.018812130364
5,15894,1810,0.113879451365,0.320000000000,126,157,13927,1684,0.069613259669,0.988852598694,0.445229681979,0.120401337793,0.529232929181,0.017805461180
5,15894,1810,0.113879451365,0.325000000000,116,151,13933,1694,0.064088397790,0.989278614030,0.434456928839,0.111699566683,0.526683505910,0.016798791997
5,15894,1810,0.113879451365,0.330000000000,108,132,13952,1702,0.059668508287,0.990627662596,0.450000000000,0.105365853659,0.525148085442,0.015100037750
5,15894,1810,0.113879451365,0.335000000000,102,128,13956,1708,0.056353591160,0.990911672820,0.443478260870,0.100000000000,0.523632631990,0.014470869511
5,15894,1810,0.113879451365,0.340000000000,96,118,13966,1714,0.053038674033,0.991621698381,0.448598130841,0.094861660079,0.522330186207,0.013464200327
5,15894,1810,0.113879451365,0.345000000000,91,115,13969,1719,0.050276243094,0.991834706049,0.441747572816,0.090277777778,0.521055474572,0.012960865735
5,15894,1810,0.113879451365,0.350000000000,88,111,13973,1722,0.048618784530,0.992118716274,0.442211055276,0.087605774017,0.520368750402,0.012520447968
5,15894,1810,0.113879451365,0.355000000000,84,102,13982,1726,0.046408839779,0.992757739279,0.451612903226,0.084168336673,0.519583289529,0.011702529256
5,15894,1810,0.113879451365,0.360000000000,80,92,13992,1730,0.044198895028,0.993467764840,0.465116279070,0.080726538850,0.518833329934,0.010821693721
5,15894,1810,0.113879451365,0.365000000000,77,81,14003,1733,0.042541436464,0.994248792957,0.487341772152,0.078252032520,0.518395114710,0.009940858185
5,15894,1810,0.113879451365,0.370000000000,71,76,14008,1739,0.039226519337,0.994603805737,0.482993197279,0.072560040879,0.516915162537,0.009248773122
5,15894,1810,0.113879451365,0.375000000000,69,71,14013,1741,0.038121546961,0.994958818517,0.492857142857,0.070769230769,0.516540182739,0.008808355354
5,15894,1810,0.113879451365,0.380000000000,66,70,14014,1744,0.036464088398,0.995029821074,0.485294117647,0.067831449126,0.515746954736,0.008556688058
5,15894,1810,0.113879451365,0.385000000000,63,68,14016,1747,0.034806629834,0.995171826186,0.480916030534,0.064914992272,0.514989228010,0.008242103939
5,15894,1810,0.113879451365,0.390000000000,59,65,14019,1751,0.032596685083,0.995384833854,0.475806451613,0.061013443640,0.513990759468,0.007801686171
5,15894,1810,0.113879451365,0.395000000000,55,57,14027,1755,0.030386740331,0.995952854303,0.491071428571,0.057232049948,0.513169797317,0.007046684283
5,15894,1810,0.113879451365,0.400000000000,55,53,14031,1755,0.030386740331,0.996236864527,0.509259259259,0.057351407716,0.513311802429,0.006795016988
5,15894,1810,0.113879451365,0.405000000000,53,49,14035,1757,0.029281767956,0.996520874751,0.519607843137,0.055439330544,0.512901321354,0.006417516044
5,15894,1810,0.113879451365,0.410000000000,53,45,14039,1757,0.029281767956,0.996804884976,0.540816326531,0.055555555556,0.513043326466,0.006165848748
5,15894,1810,0.113879451365,0.415000000000,50,44,14040,1760,0.027624309392,0.996875887532,0.531914893617,0.052521008403,0.512250098462,0.005914181452
5,15894,1810,0.113879451365,0.420000000000,48,39,14045,1762,0.026519337017,0.997230900312,0.551724137931,0.050606220348,0.511875118664,0.005473763684
5,15894,1810,0.113879451365,0.425000000000,47,37,14047,1763,0.025966850829,0.997372905425,0.559523809524,0.049630411827,0.511669878127,0.005285013213
5,15894,1810,0.113879451365,0.430000000000,43,34,14050,1767,0.023756906077,0.997585913093,0.558441558442,0.045574986751,0.510671409585,0.004844595445
5,15894,1810,0.113879451365,0.435000000000,41,30,14054,1769,0.022651933702,0.997869923317,0.577464788732,0.043593833068,0.510260928509,0.004467094501
5,15894,1810,0.113879451365,0.440000000000,38,28,14056,1772,0.020994475138,0.998011928429,0.575757575758,0.040511727079,0.509503201784,0.004152510381
5,15894,1810,0.113879451365,0.445000000000,33,25,14059,1777,0.018232044199,0.998224936098,0.568965517241,0.035331905782,0.508228490148,0.003649175790
5,15894,1810,0.113879451365,0.450000000000,32,25,14059,1778,0.017679558011,0.998224936098,0.561403508772,0.034279592930,0.507952247054,0.003586258966
5,15894,1810,0.113879451365,0.455000000000,32,23,14061,1778,0.017679558011,0.998366941210,0.581818181818,0.034316353887,0.508023249610,0.003460425318
5,15894,1810,0.113879451365,0.460000000000,29,23,14061,1781,0.016022099448,0.998366941210,0.557692307692,0.031149301826,0.507194520329,0.003271674846
5,15894,1810,0.113879451365,0.465000000000,26,20,14064,1784,0.014364640884,0.998579948878,0.565217391304,0.028017241379,0.506472294881,0.002894173902
5,15894,1810,0.113879451365,0.470000000000,26,18,14066,1784,0.014364640884,0.998721953990,0.590909090909,0.028047464941,0.506543297437,0.002768340254
5,15894,1810,0.113879451365,0.475000000000,25,15,14069,1785,0.013812154696,0.998934961659,0.625000000000,0.027027027027,0.506373558177,0.002516672958
5,15894,1810,0.113879451365,0.480000000000,23,13,14071,1787,0.012707182320,0.999076966771,0.638888888889,0.024918743229,0.505892074546,0.002265005663
5,15894,1810,0.113879451365,0.485000000000,20,12,14072,1790,0.011049723757,0.999147969327,0.625000000000,0.021715526602,0.505098846542,0.002013338367
5,15894,1810,0.113879451365,0.490000000000,19,11,14073,1791,0.010497237569,0.999218971883,0.633333333333,0.020652173913,0.504858104726,0.001887504719
5,15894,1810,0.113879451365,0.495000000000,17,11,14073,1793,0.009392265193,0.999218971883,0.607142857143,0.018498367791,0.504305618538,0.001761671071
5,15894,1810,0.113879451365,0.500000000000,16,10,14074,1794,0.008839779006,0.999289974439,0.615384615385,0.017429193900,0.504064876722,0.001635837423
